entry_id	gene	transcript	hgvs_c	label	mechanism	assay	origin	pmid	quote	note
E001	PKD1	NM_001009944.3	c.-69dupG	POS	translation (uORF1 extension)	5'UTR Gaussia luciferase reporter normalised to secreted alkaline phosphatase; no RNA study	patient	41006799	reduced the translation efficiency of the main PKD1 open reading frame by ~87% compared to wildtype	Paper gives hg38 NC_000016.10:g.2135757_2135758insC. SpliceAI <0.05: not a splice variant.
E002	PKD1	NM_001009944.3	c.-52C>T	NEG	none	5'UTR Gaussia luciferase reporter normalised to secreted alkaline phosphatase; no RNA study	population	41006799	variant selected as a negative control (mean difference 0.008	Common in gnomAD with homozygotes; measured equal to wild type.
E003	PKD1	NM_001009944.3	c.-209G>A	NEG	none	5'UTR Gaussia luciferase reporter normalised to secreted alkaline phosphatase; no RNA study	patient	41006799	did not find a significant difference between the NHS1 variant and wildtype	Patient variant (Genomics England NHS1) that proved functionally inert.
E004	PKD1	NM_001009944.3	c.11017-25A>G	POS	branchpoint loss; exon 38 skipping + partial intron 37 retention	patient blood RT-PCR	patient	37419908	a novel variant was identified in intron 37 of PKD1 (c.11017-25 A > G)	Patient RBW403. Detected on two earlier diagnostic tests and called benign in silico.
E005	PKD1	NM_001009944.3	c.11017-25A>C	POS	branchpoint loss; exon 38 skipping + partial intron 37 retention	patient blood RT-PCR	patient	37419908	RPA028 had a different nucleotide substitution (PKD1 c.11017-25 A > C)	Patient RPA028. v0.1 wrongly merged this with RBW403 as an 'allele conflict'.
E006	PKD1	NM_001009944.3	c.11017-10C>A	POS	AG-exclusion-zone acceptor disruption; exon 38 skipping	patient blood RT-PCR	patient	37419908	RPA014 had a variant 10 base pairs from the start of exon 38 (PKD1 c.11017-10 C > A)	Independently reported co-segregating in a Chinese pedigree (PMID 36000373, no RNA).
E007	PKD1	NM_001009944.3	c.1991C>T	POS	new cryptic donor; in-frame deletion p.Ala664_Ser699del	patient blood RT-PCR	patient	37419908	Introme predicted that the c.1991C > T variant would generate a new cryptic donor site	Exonic (missense by annotation) but acts through splicing.
E008	PKD1	NM_001009944.3	c.10167+25_10167+43del	POS	critical intron shortening	patient blood RT-PCR	patient	37419908	c.10167+25_10167+43del	19-bp intronic deletion; mechanism is intron length, not a splice motif.
E009	PKD1	NM_001009944.3	c.7489+5G>A	POS	donor +5; 93-bp intron 18 retention (blood) / exon 18 skipping (minigene)	patient blood RT-PCR; minigene	patient	37419908	resulted in the retention of 93 base pairs of intron 18	DISCORDANT MECHANISM across sources: PMID 42621998 minigene shows exon 18 skipping (c.7210_7489del).
E010	PKD1	NM_001009944.3	c.2097+5G>A	POS	donor +5; 2-bp intron 10 retention	minigene (pSPL3, HEK293T)	patient	41141524	a 2 bp GT was confirmed to remain in the 5' splice site region of intron 10	
E011	PKD1	NM_001009944.3	c.2853+5G>C	POS	donor +5; intron 11 retention and c.2707_2852 deletion	minigene (pSPL3, HEK293T)	patient	41141524	Minigene assay results of NM_001009944.3(PKD1):c.2853+5G>C	SOURCE INCONSISTENT: Results text says c.2853+5G>A; both figure legends and Discussion say G>C. PMID 42621998 cites it as G>A. Score both alleles; resolve with authors.
E012	PKD1	NM_001009944.3	c.7490-3C>G	POS	acceptor -3; 93-bp intron 18 retention	minigene (pSPL3, HEK293T)	engineered	41141524	The c.7490-3C>G variant was generated by site-directed mutagenesis, as no patient-derived sample was available	
E013	PKD1	NM_001009944.3	c.7490-11C>G	POS	acceptor -11; 93-bp intron 18 retention	minigene (pSPL3, HEK293T)	patient	41141524	Both variants (c.7490-3C>G and c.7490-11C>G) were 850 bp longer than the normal control	
E014	PKD1	NM_001009944.3	c.288-12C>A	INDET	unclear	minigene (pSPL3, HEK293T)	patient	41141524	the splicing outcome of the remaining variant (c.288-12C>A) could not be clearly interpreted	All in silico tools except NNSPLICE predicted aberrant splicing; the paper's comparison section calls the minigene pattern normal. Hold out of scoring as a calibration case.
E015	PKD1	NM_001009944.3	c.7066-131_7066-130delinsAG	POS	new donor; 114-bp pseudoexon in intron 16	patient fibroblast RNA-seq	patient	42502691	the NM_001009944.3:c.7066-131_7066-130delinsAG dinucleotide variant creates a GA dinucleotide	De novo SNV on the haplotype of common rs3874658. SpliceAI: each SNV alone predicted no impact.
E016	PKD1	NM_001009944.3	c.7066-130A>G	NEG	none (alone)	fibroblast RNA-seq of carrier father	population	42502691	confirmed the activation of pseudoexon in the proband only, which is absent in the father who carried only the common sequence variant	rs3874658, NC_000016.10:g.2107078T>C per paper. Common variant; functional negative when alone.
E017	PKD1	NM_001009944.3	c.12445-34_12445-10del	POS	two aberrant transcripts in exon 46	minigene	patient	41659037	two abnormal splicing alterations with the c.12445-34_12445-10del variant	
E018	PKD1	NM_001009944.3	c.7489+5G>A	POS	exon 18 skipping	minigene	patient	42621998	the c.7489 + 5G>A variant induced exon 18 skipping	Second, independent source for the same variant. This paper cites NM_001009944.2.
E019	PKD1	NM_001009944.3	c.11538-2A>G	POS	canonical acceptor; complete exon 42 skipping	minigene	patient	41083429	the c.11538-2A>G variant could cause complete exon 42 skipping	
E020	PKD1	NM_001009944.3	c.9202-16G>A	POS	acceptor region; 60-base excision	minigene	patient	41242437	confirmed this variant causes aberrant splicing with a 60-base excision	
E021	PKD1	NM_001009944.3	c.12444G>A	POS	last exonic base of exon 45; weakened donor, less normal PC1	cDNA cloning and sequencing	patient	24575920	PKD1:c.12444G > A mainly weakened the site and decreased the expression of normal PC1	
E022	PKD1	NM_001009944.3	c.12444+1G>A	POS	canonical donor destroyed; novel donor used	cDNA cloning and sequencing	patient	24575920	PKD1:c.12444 + 1G > A definitely destroyed the native splice site and created a novel donor site	
E023	PKD1	NM_001009944.3	c.11156G>A	POS	exonic; abolishes intron 38 donor	minigene (kidney cell lines)	engineered	24907393	The substitution c.11156G>A, previously predicted as missense mutation p.R3719Q, abolished the donor splice site of intron 38	Reported in literature/databases; tested by site-directed mutagenesis.
E024	PKD1	NM_001009944.3	c.327A>T	POS	synonymous; creates strong exonic donor, incomplete exon 3	minigene (kidney cell lines)	engineered	24907393	Two synonymous variants, c.327A>T (p.G109G) and c.11257C>A (p.R3753R), generated strong donor splice sites	
E025	PKD1	NM_001009944.3	c.11257C>A	POS	synonymous; creates strong exonic donor, incomplete exon 39	minigene (kidney cell lines)	engineered	24907393	Two synonymous variants, c.327A>T (p.G109G) and c.11257C>A (p.R3753R), generated strong donor splice sites	
E026	PKD1	NM_001009944.3	c.8791+1_8791+5del	POS	canonical donor deletion; 8 bases inserted at exon 23 end	patient RT-PCR	patient	27984604	Sequencing of RNA has confirmed that there were 8 bases inserted in the 3' end of exon 23	Published as c.8791+1_8791+5delGTGCG.
E027	PKD1	NM_001009944.3	c.2854-3C>G	POS	acceptor -3; 29 bases inserted at exon 11 end	patient RT-PCR	patient	30424739	mRNA sequencing showed that 29 bases inserted into the 3	
E028	PKD1	NM_001009944.3	c.1717_1722+11del	POS	exon-intron boundary deletion; two abnormal transcripts	patient cDNA sequencing	patient	37272738	Two abnormal transcription products were formed	
E029	PKD1	NM_001009944.3	c.3162-2A>T	POS	canonical acceptor; cryptic acceptor in exon 14, 74-nt deletion	patient lymphocyte RNA	patient	10612835	The IVS13-2A>T substitution resulted in an inactivation of this splice site	Converted from legacy IVS13-2A>T via RefSeq exon table.
E030	PKD1	NM_001009944.3	rs3874648	POS	expression modifier; Tra2-beta site, cryptic acceptor, less full-length PKD1	patient blood RT-PCR; allele-specific expression; binding assays	population	36029107	rs3874648-A allele increased Tra2-β binding affinity and activated a cryptic acceptor splice-site	COMMON variant. c. notation resolved in 05 via Ensembl. Full text not open access.
E031	PKD1	NM_001009944.3	c.7866C>A	POS	exonic; partial exon skipping (modest)	minigene (pSPL3)	engineered	37468838	were identified to result in exon skipping	Reported ADPKD variants, tested by site-directed mutagenesis. Effect sizes often small.
E032	PKD1	NM_001009944.3	c.7960A>G	POS	exonic; partial exon skipping (modest)	minigene (pSPL3)	engineered	37468838	were identified to result in exon skipping	Reported ADPKD variants, tested by site-directed mutagenesis. Effect sizes often small.
E033	PKD1	NM_001009944.3	c.7979A>T	POS	exonic; partial exon skipping (modest)	minigene (pSPL3)	engineered	37468838	were identified to result in exon skipping	Reported ADPKD variants, tested by site-directed mutagenesis. Effect sizes often small.
E034	PKD1	NM_001009944.3	c.7987C>T	POS	exonic; partial exon skipping (modest)	minigene (pSPL3)	engineered	37468838	were identified to result in exon skipping	Reported ADPKD variants, tested by site-directed mutagenesis. Effect sizes often small.
E035	PKD1	NM_001009944.3	c.11248C>G	POS	exonic; partial exon skipping (modest)	minigene (pSPL3)	engineered	37468838	were identified to result in exon skipping	Reported ADPKD variants, tested by site-directed mutagenesis. Effect sizes often small.
E036	PKD1	NM_001009944.3	c.11251C>T	POS	exonic; partial exon skipping (modest)	minigene (pSPL3)	engineered	37468838	were identified to result in exon skipping	Reported ADPKD variants, tested by site-directed mutagenesis. Effect sizes often small.
E037	PKD1	NM_001009944.3	c.11257C>G	POS	exonic; partial exon skipping (modest)	minigene (pSPL3)	engineered	37468838	were identified to result in exon skipping	Reported ADPKD variants, tested by site-directed mutagenesis. Effect sizes often small.
E038	PKD1	NM_001009944.3	c.11257C>T	POS	exonic; partial exon skipping (modest)	minigene (pSPL3)	engineered	37468838	were identified to result in exon skipping	Reported ADPKD variants, tested by site-directed mutagenesis. Effect sizes often small.
E039	PKD1	NM_001009944.3	c.11346C>T	POS	exonic; partial exon skipping (modest)	minigene (pSPL3)	engineered	37468838	were identified to result in exon skipping	Reported ADPKD variants, tested by site-directed mutagenesis. Effect sizes often small.
E040	PKD1	NM_001009944.3	c.11393C>G	POS	exonic; partial exon skipping (modest)	minigene (pSPL3)	engineered	37468838	were identified to result in exon skipping	Reported ADPKD variants, tested by site-directed mutagenesis. Effect sizes often small.
E041	PKD1	NM_001009944.3	c.7866C>T	NEG	none	minigene (pSPL3)	engineered	37468838	it was concluded that the variant c.7866C > T did not alter mRNA splicing	Borderline: 45.3% vs 33.0% exon 21 skipping, P = 0.0618. Same position as POS c.7866C>A.
E042	PKD2	NM_000297.4	c.1480G>T	POS	nonsense; new alternative splicing + partial exon 6 skipping	minigene (pSPL3)	engineered	37468838	were identified to result in exon skipping	
E043	PKD2	NM_000297.4	c.741C>G	NEG	none	minigene (pSPL3)	engineered	37468838	were considered to have no influence on pre-mRNA splicing	
E044	PKD2	NM_000297.4	c.796G>T	NEG	none	minigene (pSPL3)	engineered	37468838	were considered to have no influence on pre-mRNA splicing	
E045	PKD2	NM_000297.4	c.1546G>T	NEG	none	minigene (pSPL3)	engineered	37468838	were considered to have no influence on pre-mRNA splicing	
E046	PKD2	NM_000297.4	c.1717-2A>G	POS	canonical acceptor; skipping of exons 8 and 9 together	patient RT-PCR	patient	39200828	revealing the simultaneous skipping of both exons 8 and 9 of the PKD2 gene	
E047	PKD2	NM_000297.4	c.1548+5G>C	POS	donor +5; abnormal exon 6 splicing	patient RT-PCR	patient	34749493	The RT-PCR revealed the abnormal splicing of exon 6	Converted from legacy IVS6+5G>C via RefSeq exon table.
E048	PKD2	NM_000297.4	c.1898+5G>A	POS	donor +5; six cryptic-site transcripts	patient leukocyte RT-PCR	patient	19158373	The data provide strong evidence that IVS8 + 5G-->A is a pathogenic mutation for PKD2	Converted from legacy IVS8+5G>A via RefSeq exon table.
E049	PKD2	NM_000297.4	c.1320G>T	POS	first base of exon 6; abolishes intron 5 acceptor	patient leukocyte RNA	patient	20950398	This mutation abolishes a conserved acceptor splice site of intron 5	The same aberrant transcript occurs at low level in controls (paper's own caveat).
E050	PKD2	NM_000297.4	c.1532A>T	POS	exonic; exon 6 skipping and truncated exon	minigene	engineered	26692149	Mutation c.1532A>T resulted in skipping of exon 6	
E051	PKD2	NM_000297.4	c.1716G>A	POS	synonymous, last base of exon 7; exon 7 skipping	minigene; patient RT-PCR	patient	26692149	c.1716G>A led to skipping of exon 7	Independently confirmed in patient RNA by PMID 34542828.
E052	PKD2	NM_000297.4	c.1716G>A	POS	exon 7 skipping	patient RT-PCR	patient	34542828	this heterozygous synonymous mutation led to exon7 skipping in PKD2 gene	
E053	PKD2	NM_000297.4	c.2657A>G	POS	exonic; incomplete exon 14	minigene; patient lymphoblast RNA	patient	26692149	Mutation c.2657A>G resulted in incorporation of an incomplete exon 14	
E054	PKD2	NM_000297.4	c.2020-5A>G	POS	acceptor -5; intron retention with PTC	patient RT-PCR	patient	39169606	NM_000297.4:c.2020-5A>G	
E055	PKD1	NM_001009944.3	c.1202-8G>A	POS	splice-region; aberrant transcript in minigene	minigene	engineered	34257392	c.1202-8 G > A PKD1 AL Insertion of 118 nucleotides prior to exon 6 (fs)	A3. Negatives from this paper (29) are in Supplementary Dataset S2, not yet obtained.
E056	PKD1	NM_001009944.3	c.7210-9T>A	POS	splice-region; aberrant transcript in minigene	minigene	engineered	34257392	c.7210-9 T > A PKD1 AL Insertion of 7 nucleotides prior to exon 18 (fs)	A3. Negatives from this paper (29) are in Supplementary Dataset S2, not yet obtained.
E057	PKD1	NM_001009944.3	c.10407T>A	POS	splice-region; aberrant transcript in minigene	minigene	engineered	34257392	c.10407 T > A PKD1 AL Insertion of 77 nucleotides prior to exon 34 (fs)	A3. Negatives from this paper (29) are in Supplementary Dataset S2, not yet obtained.
E058	PKD1	NM_001009944.3	c.11270-10T>A	POS	splice-region; aberrant transcript in minigene	minigene	engineered	34257392	c.11270-10 T > A PKD1 AL 28 bp deletion in exon 40 (fs)	A3. Negatives from this paper (29) are in Supplementary Dataset S2, not yet obtained.
E059	PKD1	NM_001009944.3	c.11412-3C>G	POS	splice-region; aberrant transcript in minigene	minigene	engineered	34257392	c.11412-3 C > G PKD1 AL Insertion of 140 nucleotides prior to exon 41 (fs)	A3. Negatives from this paper (29) are in Supplementary Dataset S2, not yet obtained.
E060	PKD1	NM_001009944.3	c.2985+5G>A	POS	splice-region; aberrant transcript in minigene	minigene	engineered	34257392	c.2985 + 5 G > A PKD1 DL 130 bp deletion in exon 12 (fs)	A3. Negatives from this paper (29) are in Supplementary Dataset S2, not yet obtained.
E061	PKD1	NM_001009944.3	c.7209+5G>A	POS	splice-region; aberrant transcript in minigene	minigene	engineered	34257392	c.7209 + 5 G > A PKD1 DL 69 bp deletion in exon 17	A3. Negatives from this paper (29) are in Supplementary Dataset S2, not yet obtained.
E062	PKD1	NM_001009944.3	c.9397+3G>C	POS	splice-region; aberrant transcript in minigene	minigene	engineered	34257392	c.9397 + 3 G > C PKD1 DL 41 bp deletion in exon 26 (fs)	A3. Negatives from this paper (29) are in Supplementary Dataset S2, not yet obtained.
E063	PKD2	NM_000297.4	c.917G>A	NEG	none (missense)	minigene (293T and COS7)	engineered	26692149	p.R306Q 4 251 73 (5')	A3. Published as p.R306Q; c. derived by analysis/p_to_c.py (unique SNV). Table 1 'Effect observed in minigene assay' = None.
E064	PKD2	NM_000297.4	c.964C>T	NEG	none (missense)	minigene (293T and COS7)	engineered	26692149	p.R322W 4 251 121 (5')	A3. Published as p.R322W; c. derived by analysis/p_to_c.py (unique SNV). Table 1 'Effect observed in minigene assay' = None.
E065	PKD2	NM_000297.4	c.965G>A	NEG	none (missense)	minigene (293T and COS7)	engineered	26692149	p.R322Q 4 251 122 (5')	A3. Published as p.R322Q; c. derived by analysis/p_to_c.py (unique SNV). Table 1 'Effect observed in minigene assay' = None.
E066	PKD2	NM_000297.4	c.974G>A	NEG	none (missense)	minigene (293T and COS7)	engineered	26692149	p.R325Q 4 251 121 (3')	A3. Published as p.R325Q; c. derived by analysis/p_to_c.py (unique SNV). Table 1 'Effect observed in minigene assay' = None.
E067	PKD2	NM_000297.4	c.1066G>C	NEG	none (missense)	minigene (293T and COS7)	engineered	26692149	p.A356P 4 251 29 (3')	A3. Published as p.A356P; c. derived by analysis/p_to_c.py (unique SNV). Table 1 'Effect observed in minigene assay' = None.
E068	PKD2	NM_000297.4	c.1168G>A	NEG	none (missense)	minigene (293T and COS7)	engineered	26692149	p.G390S 5 225 73 (5')	A3. Published as p.G390S; c. derived by analysis/p_to_c.py (unique SNV). Table 1 'Effect observed in minigene assay' = None.
E069	PKD2	NM_000297.4	c.1240T>G	NEG	none (missense)	minigene (293T and COS7)	engineered	26692149	p.W414G 5 225 80 (3')	A3. Published as p.W414G; c. derived by analysis/p_to_c.py (unique SNV). Table 1 'Effect observed in minigene assay' = None.
E070	PKD2	NM_000297.4	c.1894T>C	NEG	none (missense)	minigene (293T and COS7)	engineered	26692149	p.C632R 8 182 5 (3')	A3. Published as p.C632R; c. derived by analysis/p_to_c.py (unique SNV). Table 1 'Effect observed in minigene assay' = None.
E071	PKD2	NM_000297.4	c.2420G>A	NEG	none (missense)	minigene (293T and COS7)	engineered	26692149	p.R807Q 13 164 62 (5')	A3. Published as p.R807Q; c. derived by analysis/p_to_c.py (unique SNV). Table 1 'Effect observed in minigene assay' = None.
E072	PKD2	NM_000297.4	c.2543G>A	NEG	none (missense)	minigene (293T and COS7)	engineered	26692149	p.R848Q 14 148 21 (5')	A3. Published as p.R848Q; c. derived by analysis/p_to_c.py (unique SNV). Table 1 'Effect observed in minigene assay' = None.
E073	PKD1	NM_001009944.3	c.3275T>C	NEG	none (missense)	minigene (kidney cell lines)	engineered	24907393	included in the study for being relatively closed to exon ends, but not selected by ESEfinder or RESCUE-ESE	A3. Published as p.M1092T; c. derived by analysis/p_to_c.py (unique SNV). The paper states these had no impact on pre-mRNA splicing.
E074	PKD1	NM_001009944.3	c.8293C>T	NEG	none (missense)	minigene (kidney cell lines)	engineered	24907393	included in the study for being relatively closed to exon ends, but not selected by ESEfinder or RESCUE-ESE	A3. Published as p.R2765C; c. derived by analysis/p_to_c.py (unique SNV). The paper states these had no impact on pre-mRNA splicing.
E075	PKD1	NM_001009944.3	c.8762A>C	NEG	none (missense)	minigene (kidney cell lines)	engineered	24907393	included in the study for being relatively closed to exon ends, but not selected by ESEfinder or RESCUE-ESE	A3. Published as p.H2921P; c. derived by analysis/p_to_c.py (unique SNV). The paper states these had no impact on pre-mRNA splicing.
E076	PKD1	NM_001009944.3	c.9829C>T	NEG	none (missense)	minigene (kidney cell lines)	engineered	24907393	included in the study for being relatively closed to exon ends, but not selected by ESEfinder or RESCUE-ESE	A3. Published as p.R3277C; c. derived by analysis/p_to_c.py (unique SNV). The paper states these had no impact on pre-mRNA splicing.
E077	PKD1	NM_001009944.3	c.9853G>A	NEG	none (missense)	minigene (kidney cell lines)	engineered	24907393	included in the study for being relatively closed to exon ends, but not selected by ESEfinder or RESCUE-ESE	A3. Published as p.V3285I; c. derived by analysis/p_to_c.py (unique SNV). The paper states these had no impact on pre-mRNA splicing.
E078	PKD1	NM_001009944.3	c.10145C>T	NEG	none (missense)	minigene (kidney cell lines)	engineered	24907393	included in the study for being relatively closed to exon ends, but not selected by ESEfinder or RESCUE-ESE	A3. Published as p.T3382M; c. derived by analysis/p_to_c.py (unique SNV). The paper states these had no impact on pre-mRNA splicing.
E079	PKD1	NM_001009944.3	c.10172C>T	NEG	none (missense)	minigene (kidney cell lines)	engineered	24907393	included in the study for being relatively closed to exon ends, but not selected by ESEfinder or RESCUE-ESE	A3. Published as p.A3391V; c. derived by analysis/p_to_c.py (unique SNV). The paper states these had no impact on pre-mRNA splicing.
E080	PKD1	NM_001009944.3	c.11258G>A	NEG	none (missense p.R3753Q)	minigene (kidney cell lines)	engineered	24907393	did not activate this cryptic donor site, and did not alter pre-mRNA splicing in our minigene analysis	A3.
E081	PKD1	NM_001009944.3	c.11257C>T	NEG	none (missense p.R3753W)	minigene (kidney cell lines)	engineered	24907393	one affecting the same nucleotide c.11257C N T (p.R3753W)	A3. CONFLICTS with PMID 37468838 (POS). Resolved as DISCORDANT by the A3 rule in 12_analyse.py. 'N' is how the PDF renders '>'.
E082	PKD1	NM_001009944.3	c.224C>T	NEG	none (missense)	minigene (kidney cell lines)	engineered	24907393	The rest of the mutations analyzed did not affect splicing	A3, Table S3. Published as p.S75F; c. derived by analysis/p_to_c.py (unique SNV); exon and position cross-checked against Table S3. 
E083	PKD1	NM_001009944.3	c.628T>G	NEG	none (missense)	minigene (kidney cell lines)	engineered	24907393	The rest of the mutations analyzed did not affect splicing	A3, Table S3. Published as p.C210G; c. derived by analysis/p_to_c.py (unique SNV); exon and position cross-checked against Table S3. 
E084	PKD1	NM_001009944.3	c.1522T>C	NEG	none (missense)	minigene (kidney cell lines)	engineered	24907393	The rest of the mutations analyzed did not affect splicing	A3, Table S3. Published as p.C508R; c. derived by analysis/p_to_c.py (unique SNV); exon and position cross-checked against Table S3. Source exon length 218 vs 221 in NM_001009944.3 (older reference); position from 3' end matches.
E085	PKD1	NM_001009944.3	c.2534T>C	NEG	none (missense)	minigene (kidney cell lines)	engineered	24907393	The rest of the mutations analyzed did not affect splicing	A3, Table S3. Published as p.L845S; c. derived by analysis/p_to_c.py (unique SNV); exon and position cross-checked against Table S3. 
E086	PKD1	NM_001009944.3	c.3277C>T	NEG	none (missense)	minigene (kidney cell lines)	engineered	24907393	The rest of the mutations analyzed did not affect splicing	A3, Table S3. Published as p.H1093Y; c. derived by analysis/p_to_c.py (unique SNV); exon and position cross-checked against Table S3. 
E087	PKD1	NM_001009944.3	c.8282G>C	NEG	none (missense)	minigene (kidney cell lines)	engineered	24907393	The rest of the mutations analyzed did not affect splicing	A3, Table S3. Published as p.R2761P; c. derived by analysis/p_to_c.py (unique SNV); exon and position cross-checked against Table S3. 
E088	PKD1	NM_001009944.3	c.8287C>G	NEG	none (missense)	minigene (kidney cell lines)	engineered	24907393	The rest of the mutations analyzed did not affect splicing	A3, Table S3. Published as p.L2763V; c. derived by analysis/p_to_c.py (unique SNV); exon and position cross-checked against Table S3. 
E089	PKD1	NM_001009944.3	c.8372G>A	NEG	none (missense)	minigene (kidney cell lines)	engineered	24907393	The rest of the mutations analyzed did not affect splicing	A3, Table S3. Published as p.R2791Q; c. derived by analysis/p_to_c.py (unique SNV); exon and position cross-checked against Table S3. 
E090	PKD1	NM_001009944.3	c.8953A>G	NEG	none (missense)	minigene (kidney cell lines)	engineered	24907393	The rest of the mutations analyzed did not affect splicing	A3, Table S3. Published as p.R2985G; c. derived by analysis/p_to_c.py (unique SNV); exon and position cross-checked against Table S3. 
E091	PKD1	NM_001009944.3	c.9047A>G	NEG	none (missense)	minigene (kidney cell lines)	engineered	24907393	The rest of the mutations analyzed did not affect splicing	A3, Table S3. Published as p.Q3016R; c. derived by analysis/p_to_c.py (unique SNV); exon and position cross-checked against Table S3. 
E092	PKD1	NM_001009944.3	c.9313C>T	NEG	none (missense)	minigene (kidney cell lines)	engineered	24907393	The rest of the mutations analyzed did not affect splicing	A3, Table S3. Published as p.R3105W; c. derived by analysis/p_to_c.py (unique SNV); exon and position cross-checked against Table S3. 
E093	PKD1	NM_001009944.3	c.9412G>A	NEG	none (missense)	minigene (kidney cell lines)	engineered	24907393	The rest of the mutations analyzed did not affect splicing	A3, Table S3. Published as p.V3138M; c. derived by analysis/p_to_c.py (unique SNV); exon and position cross-checked against Table S3. 
E094	PKD1	NM_001009944.3	c.9563A>G	NEG	none (missense)	minigene (kidney cell lines)	engineered	24907393	The rest of the mutations analyzed did not affect splicing	A3, Table S3. Published as p.N3188S; c. derived by analysis/p_to_c.py (unique SNV); exon and position cross-checked against Table S3. 
E095	PKD1	NM_001009944.3	c.10123G>A	NEG	none (missense)	minigene (kidney cell lines)	engineered	24907393	The rest of the mutations analyzed did not affect splicing	A3, Table S3. Published as p.V3375M; c. derived by analysis/p_to_c.py (unique SNV); exon and position cross-checked against Table S3. Source distance 43 from 3' end vs 45 computed; consistent with an older reference.
E096	PKD1	NM_001009944.3	c.11033T>C	NEG	none (missense)	minigene (kidney cell lines)	engineered	24907393	The rest of the mutations analyzed did not affect splicing	A3, Table S3. Published as p.M3678T; c. derived by analysis/p_to_c.py (unique SNV); exon and position cross-checked against Table S3. 
E097	PKD1	NM_001009944.3	c.11045T>C	NEG	none (missense)	minigene (kidney cell lines)	engineered	24907393	The rest of the mutations analyzed did not affect splicing	A3, Table S3. Published as p.L3682P; c. derived by analysis/p_to_c.py (unique SNV); exon and position cross-checked against Table S3. 
E098	PKD1	NM_001009944.3	c.11192T>A	NEG	none (missense)	minigene (kidney cell lines)	engineered	24907393	The rest of the mutations analyzed did not affect splicing	A3, Table S3. Published as p.L3731Q; c. derived by analysis/p_to_c.py (unique SNV); exon and position cross-checked against Table S3. 
E099	PKD1	NM_001009944.3	c.11252A>G	NEG	none (missense)	minigene (kidney cell lines)	engineered	24907393	The rest of the mutations analyzed did not affect splicing	A3, Table S3. Published as p.Q3751R; c. derived by analysis/p_to_c.py (unique SNV); exon and position cross-checked against Table S3. 
E100	PKD1	NM_001009944.3	c.11713-3C>G	NEG	none	minigene	engineered	34257392	c.11713-3C>G IVS42-3C>T	A3, Dataset S2. Published SpliceAI 0.95. Designation column says IVS42-3C>T; allele resolved as C>G because local SpliceAI reproduces the published 0.95 for C>G and gives 0.03 for C>T.
E101	PKD1	NM_001009944.3	c.2854-7C>A	NEG	none	minigene	engineered	34257392	c.2854-7C>A IVS11-7C>A	A3, Dataset S2. Published SpliceAI 0.17.
E102	PKD1	NM_001009944.3	c.7210-10C>A	NEG	none	minigene	engineered	34257392	c.7210-10C>A IVS17-10C>A	A3, Dataset S2. Published SpliceAI 0.05.
E103	PKD2	NM_000297.4	c.1899-6T>G	NEG	none	minigene	engineered	34257392	c.1899-6T>G IVS8-6T>G	A3, Dataset S2. Published SpliceAI 0.19.
E104	PKD2	NM_000297.4	c.710-6T>C	NEG	none	minigene	engineered	34257392	c.710-6T>C IVS2-6T>C	A3, Dataset S2. Published SpliceAI 0.29.
E105	PKD1	NM_001009944.3	c.11713-9C>A	NEG	none	minigene	engineered	34257392	c.11713-9C>A IVS42-9C>A	A3, Dataset S2. Published SpliceAI 0.01.
E106	PKD1	NM_001009944.3	c.1723-17G>A	NEG	none	minigene	engineered	34257392	c.1723-17G>A IVS8-17G>A	A3, Dataset S2. Published SpliceAI 0.02.
E107	PKD1	NM_001009944.3	c.7066-9C>A	NEG	none	minigene	engineered	34257392	c.7066-9C>A IVS16-9C>A	A3, Dataset S2. Published SpliceAI 0.09.
E108	PKD2	NM_000297.4	c.2359-7T>A	NEG	none	minigene	engineered	34257392	c.2359-7T>A IVS12-7T>A	A3, Dataset S2. Published SpliceAI 0.06.
E109	PKD1	NM_001009944.3	c.2854-9C>A	NEG	none	minigene	engineered	34257392	c.2854-9C>A IVS11-9C>A	A3, Dataset S2. Published SpliceAI 0.25.
E110	PKD2	NM_000297.4	c.2241-14C>T	NEG	none	minigene	engineered	34257392	c.2241-14C>T IVS11-14C>T	A3, Dataset S2. Published SpliceAI 0.0.
E111	PKD1	NM_001009944.3	c.11017-3C>T	NEG	none	minigene	engineered	34257392	c.11017-3C>T IVS37-3C>T	A3, Dataset S2. Published SpliceAI 0.11.
E112	PKD1	NM_001009944.3	c.1386-16C>A	NEG	none	minigene	engineered	34257392	c.1386-16C>A IVS6-16C>A	A3, Dataset S2. Published SpliceAI 0.02.
E113	PKD2	NM_000297.4	c.1320G>A	NEG	none	minigene	engineered	34257392	c.1320G>A c.1320G>A	A3, Dataset S2. Published SpliceAI 0.28.
E114	PKD1	NM_001009944.3	c.7210-6C>T	NEG	none	minigene	engineered	34257392	c.7210-6C>T IVS17-6C>T	A3, Dataset S2. Published SpliceAI 0.01.
E115	PKD1	NM_001009944.3	c.9201+5G>A	NEG	none	minigene	engineered	34257392	c.9201+5G>A IVS25+5G>A	A3, Dataset S2. Published SpliceAI 0.96.
E116	PKD1	NM_001009944.3	c.8791+5G>A	NEG	none	minigene	engineered	34257392	c.8791+5G>A IVS23+5G>A	A3, Dataset S2. Published SpliceAI 0.81.
E117	PKD2	NM_000297.4	c.595+3A>T	NEG	none	minigene	engineered	34257392	c.595+3A>T IVS1+3A>T	A3, Dataset S2. Published SpliceAI 0.68.
E118	PKD2	NM_000297.4	c.2019+5G>A	NEG	none	minigene	engineered	34257392	c.2019+5G>A IVS9+5G>A	A3, Dataset S2. Published SpliceAI 0.85.
E119	PKD1	NM_001009944.3	c.11156+5G>A	NEG	none	minigene	engineered	34257392	c.11156+5G>A IVS38+5G>A	A3, Dataset S2. Published SpliceAI 0.23.
E120	PKD1	NM_001009944.3	c.1384A>G	NEG	none	minigene	engineered	34257392	c.1384A>G R462G	A3, Dataset S2. Published SpliceAI 0.63.
E121	PKD1	NM_001009944.3	c.12003+5G>T	NEG	none	minigene	engineered	34257392	c.12003+5G>T IVS43+5G>T	A3, Dataset S2. Published SpliceAI 0.01.
E122	PKD1	NM_001009944.3	c.8161+4C>T	NEG	none	minigene	engineered	34257392	c.8161+4C>T IVS22+4C>T	A3, Dataset S2. Published SpliceAI 0.24.
E123	PKD1	NM_001009944.3	c.7064C>T	NEG	none	minigene	engineered	34257392	c.7064C>T T2355M	A3, Dataset S2. Published SpliceAI 0.0.
E124	PKD1	NM_001009944.3	c.10820A>T	NEG	none	minigene	engineered	34257392	c.10820A>T K3607M	A3, Dataset S2. Published SpliceAI 0.46.
E125	PKD1	NM_001009944.3	c.7487C>T	NEG	none	minigene	engineered	34257392	c.7487C>T T2496M	A3, Dataset S2. Published SpliceAI 0.02.
E126	PKD1	NM_001009944.3	c.11014C>T	NEG	none	minigene	engineered	34257392	c.11014C>T R3672W	A3, Dataset S2. Published SpliceAI 0.5.
E127	PKD1	NM_001009944.3	c.9199C>T	NEG	none	minigene	engineered	34257392	c.9199C>T P3067S	A3, Dataset S2. Published SpliceAI 0.02.
E128	PKD1	NM_001009944.3	c.3159C>T	NEG	none	minigene	engineered	34257392	c.3159C>T c.3159C>T	A3, Dataset S2. Published SpliceAI 0.03.
E129	PKD1	NM_001009944.3	rs1596636969	POS	translation INCREASED; disrupts a uORF start codon	5'UTR Renilla/firefly dual-luciferase reporter; reporter RNA measured by RT-qPCR	population	39757590	Luciferase reporter assays and RT-qPCR results reveal that rs2092942382 and rs1596636969 increase, while rs2092942900 decreases main gene translation without affecting transcription	A7. Direction: increase. Transcript level unchanged by RT-qPCR.
E130	PKD1	NM_001009944.3	rs2092942382	POS	translation INCREASED about 42%; changes the -3 nucleotide of uORF2	5'UTR Renilla/firefly dual-luciferase reporter; reporter RNA measured by RT-qPCR	population	39757590	rs2092942382 variant increased the relative Rluc/Fluc ratio by approximately 42%	A7. Direction: increase. Transcript level unchanged by RT-qPCR.
E131	PKD1	NM_001009944.3	rs2092942900	POS	translation DECREASED; removes the uORF1 stop codon	5'UTR Renilla/firefly dual-luciferase reporter; reporter RNA measured by RT-qPCR	population	39757590	Luciferase reporter assays and RT-qPCR results reveal that rs2092942382 and rs1596636969 increase, while rs2092942900 decreases main gene translation without affecting transcription	A7. Direction: decrease. Transcript level unchanged by RT-qPCR.
