gene	hgvs_c	label	spliceai_pct_nc_bg	avi_pct_nc_bg
PKD1	c.12444+1G>A	POS	100.0	100.0
PKD1	c.12003+5G>T	NEG	96.59519031020035	99.14749971392608
PKD1	c.11713-3C>G	NEG	99.9542269638393	99.99867965882385
PKD1	c.11713-9C>A	NEG	64.76884616738847	88.94830424181609
PKD1	c.11538-2A>G	POS	99.97887398331045	99.97183272157525
PKD1	c.11412-3C>G	POS	99.95070596105771	99.96523101569446
PKD1	c.11270-10T>A	POS	99.93310094714975	99.74517415300113
PKD1	c.11156+5G>A	NEG	98.34160768987007	97.85620604364168
PKD1	c.11017-3C>T	NEG	95.8029646843421	98.39666569841647
PKD1	c.11017-10C>A	POS	99.87676490264427	99.78038325103206
PKD1	c.11017-25A>G	POS	99.61621069680645	99.7398927882965
PKD1	c.11017-25A>C	POS	99.45424456885321	99.70292323536401
PKD1	c.10051-239G>A	POS	89.59543678039506	12.202153036344592
PKD1	c.9397+3G>C	POS	98.83102707651139	99.58145184715731
PKD1	c.9202-16G>A	POS	99.73240378859899	99.53127888246323
PKD1	c.9201+5G>A	NEG	99.96831097496568	99.97579374510373
PKD1	c.8791+5G>A	NEG	99.86972289708109	99.90361509414032
PKD1	c.8161+4C>T	NEG	98.45427977888103	75.985194574278
PKD1	c.7490-3C>G	POS	99.94014295271293	99.7592577922135
PKD1	c.7490-11C>G	POS	99.58452167177212	96.00156680486238
PKD1	c.7489+5G>A	POS	99.94366395549453	99.96259033334213
PKD1	c.7210-6C>T	NEG	64.76884616738847	73.47302542977106
PKD1	c.7210-9T>A	POS	99.94014295271293	99.8217539412184
PKD1	c.7210-10C>A	NEG	89.59543678039506	53.31141566980908
PKD1	c.7209+5G>A	POS	93.75022006267385	99.75661710986118
PKD1	c.7066-9C>A	NEG	96.2078800042252	76.97457022894716
PKD1	c.7066-130A>G	NEG	98.45427977888103	87.79432605385232
PKD1	c.3162-2A>T	POS	99.9964789972184	99.9507072627567
PKD1	c.2985+5G>A	POS	99.87676490264427	99.89745350198491
PKD1	c.2854-3C>G	POS	99.75000880250695	99.85080144709393
PKD1	c.2854-7C>A	NEG	98.54230484842083	88.94038219475912
PKD1	c.2854-9C>A	NEG	97.53529805288547	64.92337620041019
PKD1	c.2853+5G>C	POS	99.91197493046019	99.9933982941192
PKD1	c.2097+5G>A	POS	99.71831977747263	99.95114737648208
PKD1	c.1723-17G>A	NEG	76.97616281116862	2.870861830697052
PKD1	c.1386-16C>A	NEG	83.35974085419528	63.34864929097679
PKD1	c.1202-8G>A	POS	6.596598711312982	28.42826586389923
PKD1	c.288-12C>A	INDET	99.60916869124327	98.9758553610253
PKD2	c.595+3A>T	NEG	99.94574373911306	99.9526494872344
PKD2	c.710-6T>C	NEG	99.72015191753049	99.96882956194827
PKD2	c.1548+5G>C	POS	99.90862103429566	99.99595498132153
PKD2	c.1717-2A>G	POS	100.0	99.98572346348776
PKD2	c.1898+5G>A	POS	99.98572203660869	99.99309967401908
PKD2	c.1899-6T>G	NEG	99.34035809132186	99.22311847145882
PKD2	c.2019+5G>A	NEG	99.97715525857392	99.9888167130654
PKD2	c.2020-5A>G	POS	100.0	99.96073952459133
PKD2	c.2241-14C>T	NEG	3.606613552642851	96.51390772598567
PKD2	c.2359-7T>A	NEG	97.64413604043519	72.70302424631784
