variant	MERGED_SPLICING	MAX_ABS_ATAC	MAX_ABS_CONTACT_MAPS	MAX_ABS_DNASE	MAX_ABS_CHIP_TF	MAX_ABS_CHIP_HISTONE	MAX_ABS_CAGE	MAX_ABS_PROCAP	MAX_ABS_RNA_SEQ	MAX_ABS_POLYADENYLATION	ALPHAMISSENSE	CACTUS_241_WAY	PROTEIN_TERMINATION	START_LOST	STOP_LOST	PHASTCONS_470_WAY	IS_INSERTION	IS_DELETION	pos	site	splicing	expression_chromatin	protein	conservation	top
chr16:2089569:A>G	0.016409054	0.005701905	0.0019653207	0.00923697	-0.00055984093	0.011506122	0.0024772938	0.0038347428	0.0020211933	0.008022097	0.0	0.27614787	0.0	0.0	0.0	0.14621943	0.0	0.0	2089569	miR17_seed	0.016409054	0.044205803	0.0	0.4223673	conservation
chr16:2089569:A>C	0.009647105	0.002598358	0.0017659107	0.004183037	-0.00025320184	0.0038957116	0.0028739085	0.00430839	0.002941663	0.009240574	0.0	0.27601898	0.0	0.0	0.0	0.14748186	0.0	0.0	2089569	miR17_seed	0.009647105	0.031554352	0.0	0.42350084	conservation
chr16:2089569:A>T	0.010532391	0.001011892	0.0016793944	0.0019606722	-6.312356e-05	0.0011577929	0.0013908851	0.0023154253	0.0021066556	0.0037218258	0.0	0.27630454	0.0	0.0	0.0	0.15364656	0.0	0.0	2089569	miR17_seed	0.010532391	0.015281419	0.0	0.4299511	conservation
chr16:2089570:A>C	0.010636471	0.0049277395	0.0019873995	0.0024146403	-0.00014207338	0.0023688064	0.0024563458	0.003387544	0.0014151857	0.015204152	0.0	0.3729377	0.0	0.0	0.0	0.14382362	0.0	0.0	2089570	miR17_seed	0.010636471	0.03401974	0.0	0.5167613	conservation
chr16:2089570:A>G	0.011008093	0.0029422268	0.001716893	0.0024110943	-0.0001065287	0.0025094645	0.0014170534	0.0026632866	0.0016817045	0.005954848	0.0	0.37317932	0.0	0.0	0.0	0.14391278	0.0	0.0	2089570	miR17_seed	0.011008093	0.021190044	0.0	0.5170921	conservation
chr16:2089570:A>T	0.011940341	0.0046859793	0.0015926793	0.0025724247	-0.00020060087	0.0038303307	0.0020873055	0.003411254	0.0017153365	0.0068385694	0.0	0.37232795	0.0	0.0	0.0	0.1388554	0.0	0.0	2089570	miR17_seed	0.011940341	0.026533278	0.0	0.5111834	conservation
chr16:2089571:A>C	0.008937745	0.0016028299	0.0017145753	0.0025852688	-0.0001464284	0.0017471814	0.0025166676	0.0025230942	0.0017253296	0.016583066	0.0	0.37323678	0.0	0.0	0.0	0.14865083	0.0	0.0	2089571	miR17_seed	0.008937745	0.030851584	0.0	0.5218876	conservation
chr16:2089571:A>G	0.013386603	0.0043204753	0.001887423	0.005906441	-0.0002537505	0.0075941305	0.003069403	0.003966447	0.0021236562	0.007344451	0.0	0.37340492	0.0	0.0	0.0	0.14585814	0.0	0.0	2089571	miR17_seed	0.013386603	0.035958674	0.0	0.519263	conservation
chr16:2089571:A>T	0.014924542	0.0034900028	0.0014823329	0.0048394036	-0.00011373169	0.0027414667	0.0035913526	0.00496282	0.0068605887	0.0068214126	0.0	0.37370777	0.0	0.0	0.0	0.14725403	0.0	0.0	2089571	miR17_seed	0.014924542	0.03467565	0.0	0.5209618	conservation
chr16:2089572:G>A	0.012109678	0.003598766	0.0014966498	0.00371273	-0.00013425254	0.0050509362	0.0021679336	0.003278179	0.0016461675	0.009244146	0.0	0.51795447	0.0	0.0	0.0	0.13900709	0.0	0.0	2089572	miR17_seed	0.012109678	0.030061254	0.0	0.65696156	conservation
chr16:2089572:G>C	0.011999648	0.00069154246	0.0016192822	0.0012682023	-9.5167925e-05	0.002853619	0.001933822	0.0013638742	0.0021836238	0.00631461	0.0	0.51904	0.0	0.0	0.0	0.14728492	0.0	0.0	2089572	miR17_seed	0.011999648	0.018133407	0.0	0.6663249	conservation
chr16:2089572:G>T	0.011445415	0.0025289732	0.0016124429	0.0024043075	-0.000109756125	0.002899898	0.0021077811	0.0036145095	0.0016974967	0.007845563	0.0	0.5179438	0.0	0.0	0.0	0.13956828	0.0	0.0	2089572	miR17_seed	0.011445415	0.024601217	0.0	0.65751207	conservation
chr16:2089573:T>A	0.013529557	0.0010224036	0.0017647529	0.0022321197	-6.870725e-05	0.001787588	0.00085273536	0.0028225314	0.0016914299	0.008227226	0.0	0.3754174	0.0	0.0	0.0	0.15533637	0.0	0.0	2089573	miR17_seed	0.013529557	0.02033208	0.0	0.5307538	conservation
chr16:2089573:T>C	0.011534892	0.0018629187	0.0014186269	0.0029369218	-0.00027550088	0.0037712723	0.0016803124	0.0042794426	0.0018197089	0.0068360358	0.0	0.3745744	0.0	0.0	0.0	0.14181402	0.0	0.0	2089573	miR17_seed	0.011534892	0.024329739	0.0	0.5163884	conservation
chr16:2089573:T>G	0.013779292	0.0012584686	0.0021637133	0.0026222847	-0.00013388666	0.002666918	0.0019793455	0.0034143545	0.0021516571	0.0064380076	0.0	0.37468764	0.0	0.0	0.0	0.14298798	0.0	0.0	2089573	miR17_seed	0.013779292	0.022560863	0.0	0.51767564	conservation
chr16:2089574:G>A	0.017318917	0.0023031924	0.0016089878	0.003121259	-0.00013411827	0.001521937	0.0012390304	0.0016489296	0.002034711	0.006082162	0.0	0.51686305	0.0	0.0	0.0	0.13261041	0.0	0.0	2089574	miR17_seed	0.017318917	0.01942609	0.0	0.6494734	conservation
chr16:2089574:G>C	0.010082904	0.0036616195	0.0015427072	0.0033585534	-0.0002253516	0.0045897583	0.002183145	0.0048070084	0.0021023073	0.005772379	0.0	0.517497	0.0	0.0	0.0	0.13635083	0.0	0.0	2089574	miR17_seed	0.010082904	0.027792126	0.0	0.6538478	conservation
chr16:2089574:G>T	0.012229215	0.0062181163	0.0015293882	0.0059218314	-0.00029069954	0.003948201	0.0023650131	0.008092274	0.0018625712	0.010560457	0.0	0.5162226	0.0	0.0	0.0	0.12524584	0.0	0.0	2089574	miR17_seed	0.012229215	0.04020715	0.0	0.6414684	conservation
chr16:2135774:C>A	0.012416209	0.0056311972	0.001727095	0.007642787	-0.00076019415	0.0065607037	0.0052511417	0.0045130025	0.0080033	0.0021896968	0.0	0.4497336	0.0	0.0	0.0	0.14483418	0.0	0.0	2135774	uORF_ATG	0.012416209	0.04075873	0.0	0.5945678	conservation
chr16:2135774:C>G	0.013255255	0.0013030969	0.0016388765	0.0016405896	-0.00091882923	0.0063597737	0.004207893	0.011234579	0.007224508	0.0018145526	0.0	0.44785857	0.0	0.0	0.0	0.1305924	0.0	0.0	2135774	uORF_ATG	0.013255255	0.03450504	0.0	0.578451	conservation
chr16:2135774:C>T	0.012615264	0.0073362566	0.0017317113	0.00783889	-0.0007510478	0.0048268056	0.0058301617	0.011538523	0.011762292	0.0014251086	0.0	0.44940212	0.0	0.0	0.0	0.14304253	0.0	0.0	2135774	uORF_ATG	0.012615264	0.051538702	0.0	0.59244466	conservation
chr16:2135775:A>C	0.020211697	0.004910423	0.0021977623	0.0037178085	-0.002085794	0.012190317	0.012015211	0.020506833	0.011243457	0.0022222216	0.0	0.32053536	0.0	0.0	0.0	0.13712771	0.0	0.0	2135775	uORF_ATG	0.020211697	0.06691825	0.0	0.45766306	conservation
chr16:2135775:A>G	0.019301983	0.0062701423	0.0021856488	0.0055181766	-0.0020450626	0.012094469	0.012333572	0.016589351	0.012041214	0.0023987044	0.0	0.32070652	0.0	0.0	0.0	0.13790765	0.0	0.0	2135775	uORF_ATG	0.019301983	0.06738622	0.0	0.45861417	conservation
chr16:2135775:A>T	0.018899119	0.0030008974	0.0020813814	0.0020435548	-0.0013708551	0.009947538	0.009697992	0.019361492	0.008586148	0.0027341025	0.0	0.3216836	0.0	0.0	0.0	0.15326051	0.0	0.0	2135775	uORF_ATG	0.018899119	0.05608225	0.0	0.4749441	conservation
chr16:2135776:T>A	0.020477923	0.0030213266	0.0020482342	0.0022311283	-0.0017009195	0.012952997	0.010175753	0.020312928	0.010542862	0.0033743796	0.0	0.23040704	0.0	0.0	0.0	0.14739618	0.0	0.0	2135776	uORF_ATG	0.020477923	0.062958695	0.0	0.3778032	conservation
chr16:2135776:T>C	0.021018753	0.0057950728	0.0022180737	0.0051914942	-0.0016987781	0.016347764	0.012617831	0.019899676	0.011899109	0.0036568248	0.0	0.23090227	0.0	0.0	0.0	0.1524596	0.0	0.0	2135776	uORF_ATG	0.021018753	0.075927064	0.0	0.38336188	conservation
chr16:2135776:T>G	0.024518542	0.003982388	0.0022047	0.0032207367	-0.0017424035	0.013114107	0.012186927	0.018143926	0.011331789	0.003471835	0.0	0.23076087	0.0	0.0	0.0	0.15233955	0.0	0.0	2135776	uORF_ATG	0.024518542	0.065914005	0.0	0.38310042	conservation
chr16:2135707:C>A	0.018846244	0.0053512286	0.0021340162	0.002695355	-0.0006612824	0.010709324	0.0062132543	0.011960827	0.009303158	0.0025901825	0.0	0.4551735	0.0	0.0	0.0	0.13625894	0.0	0.0	2135707	uORF_ATG	0.018846244	0.050296064	0.0	0.59143245	conservation
chr16:2135707:C>G	0.020069972	0.0036832346	0.0024886327	0.002606246	-0.000663895	0.015617115	0.006557169	0.013128651	0.012162182	0.0023153855	0.0	0.45677087	0.0	0.0	0.0	0.1459758	0.0	0.0	2135707	uORF_ATG	0.020069972	0.05789472	0.0	0.60274667	conservation
chr16:2135707:C>T	0.014243501	0.0059030205	0.002500547	0.003189654	-0.00059629267	0.012298391	0.0067276014	0.011891533	0.009975749	0.0021587487	0.0	0.455223	0.0	0.0	0.0	0.1390581	0.0	0.0	2135707	uORF_ATG	0.014243501	0.054048955	0.0	0.5942811	conservation
chr16:2135708:A>C	0.014256751	0.002444312	0.002406917	0.002156707	-0.00079400436	0.013613121	0.00405881	0.0072227363	0.009827898	0.0020338371	0.0	0.23210941	0.0	0.0	0.0	0.15368028	0.0	0.0	2135708	uORF_ATG	0.014256751	0.042970333	0.0	0.3857897	conservation
chr16:2135708:A>G	0.012738656	0.004999675	0.002039588	0.0040460066	-0.00053645094	0.006011782	0.0023977414	0.0028012055	0.005450544	0.0024279263	0.0	0.23222962	0.0	0.0	0.0	0.15834183	0.0	0.0	2135708	uORF_ATG	0.012738656	0.02963802	0.0	0.39057145	conservation
chr16:2135708:A>T	0.01386186	0.0032510066	0.0022723302	0.0014723629	-0.0007920923	0.011713027	0.003086407	0.0059286566	0.008808984	0.0026097435	0.0	0.23172224	0.0	0.0	0.0	0.14662568	0.0	0.0	2135708	uORF_ATG	0.01386186	0.038350426	0.0	0.37834793	conservation
chr16:2135709:T>A	0.016293298	0.0037483391	0.0025270625	0.002816855	-0.0006326184	0.008633867	0.008191427	0.0064075505	0.011009974	0.0028682789	0.0	0.32697326	0.0	0.0	0.0	0.1508941	0.0	0.0	2135709	uORF_ATG	0.016293298	0.04557074	0.0	0.47786736	conservation
chr16:2135709:T>C	0.014888751	0.004055309	0.0023478398	0.0021682156	-0.0006560605	0.009669033	0.0076160384	0.010245928	0.008860829	0.002690736	0.0	0.32718495	0.0	0.0	0.0	0.15084831	0.0	0.0	2135709	uORF_ATG	0.014888751	0.046997868	0.0	0.47803324	conservation
chr16:2135709:T>G	0.013807081	0.0033890672	0.0023599728	0.001755047	-0.00089067523	0.00852392	0.0062772008	0.0051644826	0.007942343	0.0019468799	0.0	0.32607803	0.0	0.0	0.0	0.14043465	0.0	0.0	2135709	uORF_ATG	0.013807081	0.036468238	0.0	0.46651268	conservation
