gene,hgvs_c,label,spliceai_locus_pct,avi_locus_pct
PKD1,c.12444+1G>A,POS,100.0,99.74420877162729
PKD1,c.12444G>A,POS,99.35366850602902,99.68353419810568
PKD1,c.12003+5G>T,NEG,95.44757817290008,89.01438945412045
PKD1,c.11713-3C>G,NEG,99.69599427753934,99.53536050276868
PKD1,c.11713-9C>A,NEG,62.47445330063355,71.04705153506671
PKD1,c.11538-2A>G,POS,99.79051706519516,99.04357711738297
PKD1,c.11412-3C>G,POS,99.6704475781729,98.6552598468446
PKD1,c.11346C>T,POS,96.30850194154915,65.59655879366174
PKD1,c.11270-10T>A,POS,99.5886981402003,93.78724301124716
PKD1,c.11257C>A,POS,99.04455344369508,99.1936668518838
PKD1,c.11156+5G>A,NEG,97.50664214183529,84.41334074201811
PKD1,c.11017-3C>T,NEG,94.62497445330064,86.03814195295485
PKD1,c.11017-10C>A,POS,99.51716738197425,94.2234612608815
PKD1,c.11017-25A>G,POS,99.1850602902105,93.7240137188404
PKD1,c.11017-25A>C,POS,98.97557735540568,93.3120652986147
PKD1,c.10051-239G>A,POS,88.17443286327406,10.854042523295842
PKD1,c.9397+3G>C,POS,98.11720825669325,91.7728471703295
PKD1,c.9202-16G>A,POS,99.317903126916,91.32130060738442
PKD1,c.9201+5G>A,NEG,99.72409564684244,99.14704323223032
PKD1,c.8791+5G>A,NEG,99.50950337216432,96.57188659602868
PKD1,c.8161+4C>T,NEG,97.63948497854078,59.80564976081445
PKD1,c.7866C>T,NEG,62.47445330063355,1.6104309172079476
PKD1,c.7490-3C>G,POS,99.61169016963008,93.97054409125457
PKD1,c.7490-11C>G,POS,99.1441855712242,80.2523423578778
PKD1,c.7489+5G>A,POS,99.63212752912324,98.58181167889738
PKD1,c.7210-6C>T,NEG,62.47445330063355,57.787421841569106
PKD1,c.7210-9T>A,POS,99.61169016963008,94.85575418494888
PKD1,c.7210-10C>A,NEG,88.17443286327406,42.17745077376048
PKD1,c.7209+5G>A,POS,92.50459840588596,93.94563558212464
PKD1,c.7066-9C>A,NEG,95.04394032291027,60.61613432711898
PKD1,c.7066-130A>G,NEG,97.63948497854078,69.9491610941861
PKD1,c.3162-2A>T,POS,99.85182914367464,98.16986325867168
PKD1,c.3159C>T,NEG,81.83885142039648,5.969420014945105
PKD1,c.2985+5G>A,POS,99.51972205191088,96.42371290069168
PKD1,c.2854-3C>G,POS,99.3408951563458,95.31815830315573
PKD1,c.2854-7C>A,NEG,97.7391171060699,71.04002605813263
PKD1,c.2854-9C>A,NEG,96.59207030451664,51.06212437648893
PKD1,c.2853+5G>C,POS,99.56570611077048,99.31309995976318
PKD1,c.2097+5G>A,POS,99.2719190680564,98.17944345449088
PKD1,c.1723-17G>A,NEG,75.18138156550174,3.478569101952444
PKD1,c.1386-16C>A,NEG,81.83885142039648,49.83969138995868
PKD1,c.1202-8G>A,POS,4.793838136112814,23.250815913343935
PKD1,c.327A>T,POS,99.75986102595544,93.93158462825647
PKD1,c.-52C>T,NEG,4.793838136112814,76.3231847125622
PKD1,c.-209G>A,NEG,4.793838136112814,84.91023356517407
