gene,hgvs_c,label,spliceai_locus_pct,avi_locus_pct,pct_of_gene_above_spliceai,pct_of_gene_above_avi
PKD1,c.12444+1G>A,POS,100.0,99.74420877162729,0.001,0.25579122837271484
PKD1,c.12444G>A,POS,99.35366850602902,99.68353419810568,0.6463314939709761,0.3164658018943243
PKD1,c.12003+5G>T,NEG,95.44757817290008,89.01438945412045,4.55242182709992,10.985610545879553
PKD1,c.11713-3C>G,NEG,99.69599427753934,99.53536050276868,0.3040057224606585,0.4646394972313175
PKD1,c.11713-9C>A,NEG,62.47445330063355,71.04705153506671,37.52554669936645,28.952948464933286
PKD1,c.11538-2A>G,POS,99.79051706519516,99.04357711738297,0.20948293480483926,0.9564228826170336
PKD1,c.11412-3C>G,POS,99.6704475781729,98.6552598468446,0.32955242182710265,1.3447401531553993
PKD1,c.11346C>T,POS,96.30850194154915,65.59655879366174,3.691498058450847,34.40344120633826
PKD1,c.11270-10T>A,POS,99.5886981402003,93.78724301124716,0.4113018597997069,6.212756988752844
PKD1,c.11257C>A,POS,99.04455344369508,99.1936668518838,0.9554465563049206,0.8063331481161953
PKD1,c.11156+5G>A,NEG,97.50664214183529,84.41334074201811,2.493357858164714,15.586659257981893
PKD1,c.11017-3C>T,NEG,94.62497445330064,86.03814195295485,5.375025546699362,13.961858047045155
PKD1,c.11017-10C>A,POS,99.51716738197425,94.2234612608815,0.4828326180257534,5.776538739118493
PKD1,c.11017-25A>G,POS,99.1850602902105,93.7240137188404,0.814939709789499,6.275986281159604
PKD1,c.11017-25A>C,POS,98.97557735540568,93.3120652986147,1.024422644594324,6.687934701385302
PKD1,c.10051-239G>A,POS,88.17443286327406,10.854042523295842,11.825567136725937,89.14595747670415
PKD1,c.9397+3G>C,POS,98.11720825669325,91.7728471703295,1.882791743306754,8.227152829670501
PKD1,c.9202-16G>A,POS,99.317903126916,91.32130060738442,0.6820968730840065,8.678699392615584
PKD1,c.9201+5G>A,NEG,99.72409564684244,99.14704323223032,0.2759043531575571,0.8529567677696832
PKD1,c.8791+5G>A,NEG,99.50950337216432,96.57188659602868,0.4904966278356824,3.4281134039713237
PKD1,c.8161+4C>T,NEG,97.63948497854078,59.80564976081445,2.3605150214592214,40.19435023918555
PKD1,c.7866C>T,NEG,62.47445330063355,1.6104309172079476,37.52554669936645,98.38956908279205
PKD1,c.7490-3C>G,POS,99.61169016963008,93.97054409125457,0.38830983036991995,6.029455908745433
PKD1,c.7490-11C>G,POS,99.1441855712242,80.2523423578778,0.8558144287758012,19.747657642122206
PKD1,c.7489+5G>A,POS,99.63212752912324,98.58181167889738,0.3678724708767618,1.418188321102619
PKD1,c.7210-6C>T,NEG,62.47445330063355,57.787421841569106,37.52554669936645,42.212578158430894
PKD1,c.7210-9T>A,POS,99.61169016963008,94.85575418494888,0.38830983036991995,5.144245815051121
PKD1,c.7210-10C>A,NEG,88.17443286327406,42.17745077376048,11.825567136725937,57.82254922623952
PKD1,c.7209+5G>A,POS,92.50459840588596,93.94563558212464,7.495401594114043,6.054364417875362
PKD1,c.7066-9C>A,NEG,95.04394032291027,60.61613432711898,4.956059677089726,39.38386567288102
PKD1,c.7066-130A>G,NEG,97.63948497854078,69.9491610941861,2.3605150214592214,30.050838905813904
PKD1,c.3162-2A>T,POS,99.85182914367464,98.16986325867168,0.14817085632536475,1.8301367413283174
PKD1,c.3159C>T,NEG,81.83885142039648,5.969420014945105,18.16114857960352,94.0305799850549
PKD1,c.2985+5G>A,POS,99.51972205191088,96.42371290069168,0.4802779480891246,3.576287099308317
PKD1,c.2854-3C>G,POS,99.3408951563458,95.31815830315573,0.6591048436542053,4.681841696844273
PKD1,c.2854-7C>A,NEG,97.7391171060699,71.04002605813263,2.260882893930102,28.959973941867375
PKD1,c.2854-9C>A,NEG,96.59207030451664,51.06212437648893,3.407929695483361,48.93787562351107
PKD1,c.2853+5G>C,POS,99.56570611077048,99.31309995976318,0.4342938892295223,0.6869000402368215
PKD1,c.2097+5G>A,POS,99.2719190680564,98.17944345449088,0.7280809319435946,1.8205565455091204
PKD1,c.1723-17G>A,NEG,75.18138156550174,3.478569101952444,24.818618434498262,96.52143089804756
PKD1,c.1386-16C>A,NEG,81.83885142039648,49.83969138995868,18.16114857960352,50.16030861004132
PKD1,c.1202-8G>A,POS,4.793838136112814,23.250815913343935,95.20616186388719,76.74918408665607
PKD1,c.327A>T,POS,99.75986102595544,93.93158462825647,0.2401389740445552,6.0684153717435265
PKD1,c.-52C>T,NEG,4.793838136112814,76.3231847125622,95.20616186388719,23.676815287437805
PKD1,c.-209G>A,NEG,4.793838136112814,84.91023356517407,95.20616186388719,15.089766434825933
