variant	avi	fi_MERGED_SPLICING	fi_MAX_ABS_ATAC	fi_MAX_ABS_CONTACT_MAPS	fi_MAX_ABS_DNASE	fi_MAX_ABS_CHIP_TF	fi_MAX_ABS_CHIP_HISTONE	fi_MAX_ABS_CAGE	fi_MAX_ABS_PROCAP	fi_MAX_ABS_RNA_SEQ	fi_MAX_ABS_POLYADENYLATION	fi_ALPHAMISSENSE	fi_CACTUS_241_WAY	fi_PROTEIN_TERMINATION	fi_START_LOST	fi_STOP_LOST	fi_PHASTCONS_470_WAY	fi_IS_INSERTION	fi_IS_DELETION
chr16:2090284:C>T	2.1892526	1.1729995	0.0077868844	0.001888435	0.0076301103	0.00024888283	0.008894297	0.0040149707	0.008142777	0.26059327	0.0018864557	0.0	0.54480624	0.0	0.0	0.0	0.2197805	0.0	0.0
chr16:2090285:C>T	2.1056728	1.0818235	0.03922703	0.0023367372	0.034979764	0.0004775677	0.024540938	0.012390742	0.028534312	0.19812204	0.0041145473	0.0	0.5400033	0.0	0.0	0.0	0.1889462	0.0	0.0
chr16:2090879:C>A	0.5755154	0.112088025	0.009679358	0.0020099236	0.009643656	-0.00054907805	0.013994297	0.01047719	0.01312187	0.0050879675	0.0019989943	0.0	0.29888248	0.0	0.0	0.0	0.13945656	0.0	0.0
chr16:2091177:G>C	1.9030371	1.1050051	0.04777863	0.011978732	0.056380253	0.00044225977	0.07248612	0.10130459	0.13934846	0.022276426	0.0064186114	0.0	0.22129041	0.0	0.0	0.0	0.16363804	0.0	0.0
chr16:2091183:G>T	0.12704162	0.04010802	0.013474412	0.0024940583	0.008242317	0.0015641793	0.012075195	0.041090537	0.03717296	0.004422443	0.0031738186	0.0	0.012146493	0.0	0.0	0.0	0.0	0.0	0.0
chr16:2091599:T>C	1.5686089	0.99168473	0.012650582	0.0026901478	0.010533183	0.0014805576	0.008099023	0.014868714	0.007579042	0.017164268	0.001533194	0.0	0.3738424	0.0	0.0	0.0	0.17221881	0.0	0.0
chr16:2091909:G>C	1.4758004	0.8933443	0.0031891959	0.001776459	0.00445788	0.00020379598	0.006840432	0.0058887596	0.0049669626	0.0057687014	0.0018091493	0.0	0.42045557	0.0	0.0	0.0	0.17993738	0.0	0.0
chr16:2092065:G>C	2.2951112	0.042327475	0.0029813757	0.0013529276	0.0038834622	-0.00013735073	0.003646686	0.0021963178	0.0059232768	0.004239297	0.0013707632	0.0	0.55357087	1.5316489	0.0	0.0	0.19342662	0.0	0.0
chr16:2092112:G>A	0.08079907	0.059963986	0.0045945244	0.0016493088	0.009064688	0.0016132244	0.009028376	0.0062315054	0.009157074	0.003042843	0.0013773825	0.0	0.021366417	0.0	0.0	0.0	0.0027254424	0.0	0.0
chr16:2092198:A>T	0.8738311	0.8659455	0.0061712246	0.0020945133	0.007627135	0.0005190581	0.01262133	0.0049359067	0.0077068885	0.003648819	0.0013936294	0.0	0.011211891	0.0	0.0	0.0	0.0	0.0	0.0
chr16:2092491:C>T	1.3256607	0.24103521	0.009523512	0.0018942016	0.025245437	-0.00020828676	0.019145079	0.011994115	0.015363313	0.0038344122	0.0019858694	0.33479947	0.53064525	0.0	0.0	0.0	0.18285938	0.0	0.0
chr16:2092492:G>A	1.3592762	0.16885327	0.021836571	0.0019977575	0.04198987	-0.0007068183	0.048736643	0.02102927	0.028991884	0.0070294617	0.0026465177	0.37068513	0.5234028	0.0	0.0	0.0	0.17347668	0.0	0.0
chr16:2092492:G>C	1.6627282	0.18339287	0.009821941	0.0021218627	0.017985571	0.00010252778	0.017510941	0.015410563	0.017625105	0.0034202158	0.0015732556	0.6931457	0.5253165	0.0	0.0	0.0	0.22231366	0.0	0.0
chr16:2092492:G>T	1.6314335	0.8812838	0.01749442	0.0020622774	0.018240377	0.00021520855	0.022849448	0.020217802	0.015635524	0.0075894664	0.0013101096	0.0	0.5277015	0.0	0.0	0.0	0.16098946	0.0	0.0
chr16:2092497:T>C	1.8953477	0.27907968	0.05133234	0.0034854903	0.09724157	-0.000119069715	0.09939085	0.04774919	0.089255035	0.008888288	0.0019136206	0.6744919	0.3808825	0.0	0.0	0.0	0.20293738	0.0	0.0
chr16:2092498:G>A	3.3597739	0.7885966	0.047388352	0.0024724954	0.07804295	-0.00015920294	0.079138696	0.028992226	0.06770779	0.0036967567	0.0018912421	0.0	0.5588119	1.5569293	0.0	0.0	0.19116347	0.0	0.0
chr16:2092501:G>C	1.6546768	0.18200539	0.011744882	0.0016254331	0.024279332	0.0001361669	0.02880729	0.0055960296	0.01081784	0.0038588839	0.001952618	0.791009	0.41686603	0.0	0.0	0.0	0.2296778	0.0	0.0
chr16:2092557:A>T	1.6213313	0.3068209	0.004696599	0.0015562533	0.010239143	0.00012392808	0.008651269	0.005144662	0.0083923265	0.0017285559	0.0014049725	0.71231794	0.3793718	0.0	0.0	0.0	0.2299123	0.0	0.0
chr16:2092949:C>T	0.39182308	0.3718012	0.007881156	0.0017912927	0.011183372	0.00070112385	0.006885488	0.008470751	0.008825618	0.008756998	0.0011427552	0.0	0.013637673	0.0	0.0	0.0	0.0	0.0	0.0
chr16:2092954:C>T	1.5786039	0.7661836	0.006631091	0.0018007131	0.0051089074	0.0001056786	0.0056036585	0.011209841	0.006336336	0.010910549	0.0021998885	0.09730214	0.53452945	0.0	0.0	0.0	0.17851742	0.0	0.0
chr16:2093065:A>G	1.0684481	0.017112307	0.0021164329	0.0018002775	0.009823712	-8.591069e-05	0.0022024224	0.0033759973	0.0030605113	0.0019497937	0.0014209523	0.49419883	0.37534034	0.0	0.0	0.0	0.20387249	0.0	0.0
chr16:2093077:A>G	0.5792184	0.037707224	0.0016011522	0.0015069443	0.00876566	-0.00023672868	0.003682013	0.0021236683	0.0020181853	0.0013011515	0.0013363264	0.12540615	0.2792926	0.0	0.0	0.0	0.16545798	0.0	0.0
chr16:2093096:G>A	0.44643247	0.08466105	0.0024650507	0.001313715	0.0034187003	-0.00017453409	0.001821789	0.0043337415	0.001720024	0.0013918923	0.0022623453	0.0	0.2395918	0.0	0.0	0.0	0.15572892	0.0	0.0
chr16:2093103:G>T	0.91072005	0.9838154	0.012815099	0.0019537362	0.037146077	0.0015624824	0.007683211	0.0064007775	0.009189807	0.003949545	0.0014696284	0.0	-0.10649157	0.0	0.0	0.0	0.0	0.0	0.0
chr16:2093118:T>C	0.8680759	0.7515509	0.007859997	0.0015981505	0.035060357	0.0014726854	0.008257476	0.01973768	0.0075341505	0.005404029	0.0013453359	0.0	0.07620832	0.0	0.0	0.0	0.0	0.0	0.0
chr16:2093118:T>G	0.8346269	0.7139877	0.00791078	0.0015915595	0.035310254	0.0014857324	0.007910776	0.021599883	0.011018339	0.0042225746	0.0025295678	0.0	0.07617172	0.0	0.0	0.0	0.0	0.0	0.0
chr16:2093546:G>A	0.268142	0.2535695	0.0023397706	0.001324272	0.0050799535	0.0009596789	0.0025044335	0.003645905	0.0018357879	0.0015552186	0.0015255149	0.09802595	-0.055499967	0.0	0.0	0.0	0.00032263697	0.0	0.0
chr16:2093812:T>A	1.5795637	0.28674525	0.0019739328	0.002025405	0.0030090925	2.4727859e-05	0.003062249	0.003019771	0.0028517877	0.0040917345	0.0011743935	0.6998108	0.3841511	0.0	0.0	0.0	0.23206815	0.0	0.0
chr16:2097240:A>T	0.4803467	0.38536477	0.0038983999	0.0019941023	0.0052154376	0.00029448536	0.0029106021	0.0019438707	0.0032419523	0.00910895	0.0012050124	0.13915667	-0.034689862	0.0	0.0	0.0	0.009749354	0.0	0.0
chr16:2097776:G>A	0.6434931	0.15984078	0.0016894824	0.0017361355	0.0022668652	-0.00010058777	0.0032056707	0.0020363552	0.0009474026	0.0015010664	0.001307268	0.06734854	0.28814754	0.0	0.0	0.0	0.16655262	0.0	0.0
chr16:2097890:G>A	0.49065295	0.03535222	0.0027886562	0.001618344	0.011058263	-0.00023019308	0.0036561384	0.0015290113	0.0019133837	0.0014874176	0.001257362	0.07387844	0.24874464	0.0	0.0	0.0	0.15923052	0.0	0.0
chr16:2097912:C>T	0.053598005	0.011962737	0.004059926	0.0016293812	0.0056320066	0.0009844112	0.0030587157	0.00095201196	0.001030586	0.0016189138	0.0017009239	0.06161596	0.008380947	0.0	0.0	0.0	0.0	0.0	0.0
chr16:2098223:C>T	-0.07687903	0.015962113	0.01445699	0.0018530771	0.012838828	0.0012939998	0.008370522	0.009787856	0.003190431	0.0015339446	0.002012433	0.0	-0.09947651	0.0	0.0	0.0	0.00030550789	0.0	0.0
chr16:2099931:C>T	0.07816998	0.0086456705	0.0015099064	0.0014343773	0.011452857	0.0032269692	0.0074483906	0.0018068159	0.0050497763	0.0013761572	0.0013169603	0.06295239	0.020987978	0.0	0.0	0.0	0.0	0.0	0.0
chr16:2099955:G>A	0.76452357	0.031664364	0.00093820324	0.0014065593	0.003338059	-0.00011947179	0.0023390532	0.0014504954	0.0004896758	0.0013321291	0.0012370541	0.43758094	0.12608828	0.0	0.0	0.0	0.21102133	0.0	0.0
chr16:2100401:T>C	0.95781827	0.02194447	0.0011680018	0.0015049089	0.002096618	-7.665185e-05	0.003500582	0.0020754982	0.0024018493	0.0013863393	0.0009631405	0.40396607	0.36964667	0.0	0.0	0.0	0.19751701	0.0	0.0
chr16:2100552:C>T	1.4955021	0.011299858	0.003222385	0.0014069785	0.0066401483	0.00014531294	0.0017844972	0.002465084	0.0017486636	0.0015437672	0.0013170239	0.7596304	0.5265015	0.0	0.0	0.0	0.22246586	0.0	0.0
chr16:2102058:C>G	0.7289012	0.47544518	0.0070431232	0.0028211486	0.008292002	-0.00014881392	0.0065822573	0.008484678	0.004067563	0.003066929	0.0027757853	0.0	0.09313522	0.0	0.0	0.0	0.16713627	0.0	0.0
chr16:2102145:G>A	0.55898076	0.0132737635	0.008285483	0.0016728869	0.03360976	-0.0003810484	0.012200063	0.011270318	0.0020077464	0.0013581344	0.0014159869	0.09655813	0.27778015	0.0	0.0	0.0	0.15268524	0.0	0.0
chr16:2102272:C>T	0.69821113	0.70895225	0.007229352	0.0016703284	0.022052908	0.0013783526	0.0148528125	0.00301389	0.0043145465	0.0012643917	0.0009913795	0.0	-0.018565483	0.0	0.0	0.0	0.0	0.0	0.0
chr16:2102376:C>T	1.6070787	0.90030104	0.009854862	0.0028502676	0.0075560496	0.000146331	0.0043848087	0.008792065	0.010197052	0.0034017903	0.0017035785	0.0	0.53526556	0.0	0.0	0.0	0.17243026	0.0	0.0
chr16:2102383:G>A	0.72619563	0.021011505	0.001978659	0.0022982666	0.0046224208	-0.0001952106	0.0062590097	0.002496579	0.0031344504	0.0016212619	0.0013790885	0.15231204	0.4148106	0.0	0.0	0.0	0.15970539	0.0	0.0
chr16:2102535:T>C	0.8459653	0.033585735	0.0051240567	0.0015787643	0.013178186	-0.00022657077	0.0023481655	0.007121214	0.004476786	0.0014472195	0.0012899559	0.27262345	0.37522382	0.0	0.0	0.0	0.17281273	0.0	0.0
chr16:2102629:T>C	0.09501374	0.2580055	0.0028421865	0.0013835179	0.0029383919	0.00036115188	0.0018807234	0.0013676749	0.0010172188	0.0010795254	0.0012301789	0.044591412	-0.17268296	0.0	0.0	0.0	0.0	0.0	0.0
chr16:2103261:C>T	1.1819648	0.9921578	0.012782954	0.0029302193	0.007570431	6.863497e-05	0.0034146684	0.012712893	0.007741551	0.0028703434	0.002375505	0.0	0.005281791	0.0	0.0	0.0	0.17358203	0.0	0.0
chr16:2103295:T>G	1.0274057	0.01726299	0.0009821987	0.0017655648	0.0018388276	5.296377e-06	0.0014657042	0.00077053794	0.0010346695	0.0013445067	0.0027448065	0.79457617	0.0043132626	0.0	0.0	0.0	0.23949277	0.0	0.0
chr16:2103685:C>T	0.05787684	0.0090830475	0.003585101	0.0014020852	0.016074073	0.00061156944	0.003655359	0.0026571157	0.0018430268	0.0014072827	0.001041084	0.060182422	0.0053662127	0.0	0.0	0.0	0.0	0.0	0.0
chr16:2103764:G>A	0.3152952	0.010555211	0.004690736	0.0014445803	0.003379806	-0.00029913182	0.0026527452	0.0012539953	0.0006944327	0.0014977326	0.0012596176	0.15590386	0.005172042	0.0	0.0	0.0	0.18295401	0.0	0.0
chr16:2103770:G>C	0.29774666	0.01576305	0.0024325654	0.0018720104	0.008067578	-0.0010732725	0.0074833166	0.004788737	0.0042235237	0.001623574	0.0011841052	0.12661959	0.0051685013	0.0	0.0	0.0	0.16865797	0.0	0.0
chr16:2103775:C>G	0.35966858	0.011482647	0.008744196	0.0014820802	0.013583721	0.0017855057	0.0057161534	0.0047301385	0.0034307328	0.001452701	0.0013008266	0.33150113	0.005328148	0.0	0.0	0.0	0.018062143	0.0	0.0
chr16:2104494:G>A	0.051977914	0.06213302	0.002967816	0.0020011608	0.0057427273	0.0006471236	0.004115948	0.011920129	0.003315863	0.0017148721	0.001142896	0.0	0.005307477	0.0	0.0	0.0	0.0	0.0	0.0
chr16:2105351:G>A	2.2640314	0.02747553	0.0019069852	0.0014086079	0.0036222104	-0.00015959716	0.0037165931	0.002717052	0.0027162216	0.0015411627	0.0013167259	0.0	0.5441666	1.5156707	0.0	0.0	0.20357236	0.0	0.0
chr16:2105359:T>A	1.2520617	0.017186647	0.00061706436	0.0015361862	0.0010443178	3.8951816e-07	0.0013721861	0.0017374497	0.0007867491	0.0014027241	0.0016768068	0.6735423	0.37163627	0.0	0.0	0.0	0.22473769	0.0	0.0
chr16:2105378:T>C	0.333058	0.01219903	0.0028123045	0.0017142278	0.005660106	-0.0011041879	0.014951012	0.0033403614	0.003991469	0.0013020702	0.0015061428	0.0716947	0.10505061	0.0	0.0	0.0	0.16023988	0.0	0.0
chr16:2105472:G>A	-0.26268658	0.02763645	0.0017403131	0.0016574066	0.004208662	0.00061973586	0.0031274334	0.0013040954	0.000979847	0.0013033579	0.0013583287	0.0	-0.25757098	0.0	0.0	0.0	0.0	0.0	0.0
chr16:2105472:G>T	1.3502388	0.29335105	0.0026036883	0.0015140388	0.008346511	0.0011552434	0.0045359507	0.0031571134	0.0030518458	0.0011801603	0.0017556028	0.0	-0.28149104	1.3597417	0.0	0.0	0.0	0.0	0.0
chr16:2106307:G>C	0.8889928	0.6513514	0.004740928	0.0015700399	0.0016933571	-2.1893333e-05	0.002185838	0.005427115	0.0028168953	0.0016334992	0.0024376176	0.0	0.08929081	0.0	0.0	0.0	0.1736985	0.0	0.0
chr16:2106315:G>C	0.27682093	0.2865793	0.006928915	0.0015383916	0.0047146864	0.0008815086	0.0068897153	0.0037883783	0.0015156433	0.0017167298	0.0022560824	0.0	0.0087562185	0.0	0.0	0.0	0.00031792838	0.0	0.0
chr16:2106393:C>T	1.4573966	0.77132607	0.006055183	0.0021557848	0.0037983297	6.342546e-05	0.00472007	0.011471409	0.0025540357	0.005285425	0.0014176823	0.0	0.5293468	0.0	0.0	0.0	0.16260761	0.0	0.0
chr16:2106400:G>A	0.053275034	0.028022088	0.0044947043	0.0016522307	0.004209339	0.000447347	0.0076253847	0.0019937155	0.0020326152	0.0021372994	0.0013303591	0.06067928	-0.012318246	0.0	0.0	0.0	0.0	0.0	0.0
chr16:2106683:G>A	0.044633474	0.027776957	0.001926203	0.0018095229	0.0017555803	0.0001954362	0.0025162676	0.000997188	0.0019032009	0.003906472	0.001223528	0.0	0.049654126	0.0	0.0	0.0	0.0	0.0	0.0
chr16:2106686:A>T	0.9732658	0.9719473	0.004627729	0.001697726	0.0038146193	0.0005908493	0.0041550696	0.0018343312	0.0057620537	0.05647828	0.0018035513	0.0	-0.029130321	0.0	0.0	0.0	0.0	0.0	0.0
chr16:2106687:G>T	0.008550398	0.027043547	0.0019872845	0.0014298996	0.0018892463	0.00021188516	0.0012469022	0.0007084392	0.0020801502	0.0039678654	0.0019542256	0.0	0.015059528	0.0	0.0	0.0	0.0	0.0	0.0
chr16:2106800:C>T	0.8867445	0.21266359	0.0021673176	0.0021919552	0.0038062609	-8.4722946e-05	0.0065844418	0.0037802178	0.0071680723	0.019516326	0.0013075637	0.0	0.52856827	0.0	0.0	0.0	0.15029532	0.0	0.0
chr16:2106957:G>T	0.055158913	0.06521028	0.003104688	0.001927438	0.00642937	0.001171268	0.0062390678	0.0051029087	0.0018705346	0.0019347337	0.0010894827	0.0	-0.040259782	0.0	0.0	0.0	0.05003605	0.0	0.0
chr16:2107078:T>C	0.11575422	0.12210118	0.0033785384	0.0018235667	0.013561499	0.00083875493	0.0050956504	0.0034325474	0.0024046907	0.0016077356	0.001779567	0.0	0.007225154	0.0	0.0	0.0	0.0015404668	0.0	0.0
chr16:2107884:G>A	0.6836707	0.048148602	0.0063182707	0.0018340768	0.020757515	-0.00025489696	0.0073278993	0.0074872244	0.0018156758	0.002038558	0.0019573555	0.12945081	0.34773618	0.0	0.0	0.0	0.15375897	0.0	0.0
chr16:2112358:G>A	0.69800305	0.013518859	0.0012653335	0.0016349307	0.001885752	-0.00012685433	0.0021513382	0.0016024613	0.0013809091	0.0040406673	0.0013025665	0.14173478	0.41308647	0.0	0.0	0.0	0.16372749	0.0	0.0
chr16:2112360:A>G	0.50805706	0.013239435	0.0022981935	0.0016784099	0.0015942997	-0.00013756737	0.0019590186	0.0034517103	0.0004897856	0.0030833916	0.0014712613	0.02972994	0.34611458	0.0	0.0	0.0	0.14857166	0.0	0.0
chr16:2112475:T>A	1.395156	0.81894135	0.008556167	0.004256478	0.006680651	7.227129e-05	0.0057766647	0.019679803	0.007960746	0.023607852	0.0017047462	0.0	0.36942935	0.0	0.0	0.0	0.17161855	0.0	0.0
chr16:2112790:G>A	-0.12330782	0.017785935	0.0011275718	0.0015727496	0.0018818517	0.00031068057	0.0016337319	0.0017168656	0.0021303634	0.0016760373	0.0011850074	0.0	-0.105604894	0.0	0.0	0.0	0.00031173436	0.0	0.0
chr16:2113156:C>T	1.1628692	0.52600604	0.01817206	0.001965763	0.017850365	-0.0002720776	0.017123098	0.034794044	0.017954849	0.036276735	0.0018886917	0.0	0.379091	0.0	0.0	0.0	0.16504541	0.0	0.0
chr16:2113295:G>C	1.0233411	0.72165084	0.0028470634	0.0024927452	0.003122549	1.5060455e-05	0.0051371707	0.013031545	0.004864389	0.011436194	0.0025672682	0.0	0.1264748	0.0	0.0	0.0	0.1832926	0.0	0.0
chr16:2113299:G>T	0.12694545	0.05465394	0.008351805	0.0018092595	0.008937917	0.0013820704	0.005059329	0.0039374083	0.0026727337	0.0035302702	0.0011723794	0.0	0.077248454	0.0	0.0	0.0	0.0071825637	0.0	0.0
chr16:2113301:G>T	0.026532287	0.036030937	0.015017751	0.0016087609	0.014495845	0.0018086209	0.010749171	0.0038510687	0.003837746	0.0023617188	0.0011850849	0.0	-0.015352193	0.0	0.0	0.0	0.0	0.0	0.0
chr16:2114165:C>G	1.7101389	1.0078586	0.0102830045	0.004191381	0.008910876	0.00027251153	0.010623214	0.014181924	0.012973171	0.007992427	0.002219293	0.0	0.50338376	0.0	0.0	0.0	0.1698472	0.0	0.0
chr16:2114489:A>G	1.2265029	0.022659253	0.0027460868	0.001941994	0.0027758332	-2.46702e-05	0.0019794938	0.0017312637	0.00091147405	0.0013797992	0.0013741292	0.64798385	0.36880627	0.0	0.0	0.0	0.21964449	0.0	0.0
chr16:2115373:C>T	1.3964998	0.8103576	0.00898544	0.001899519	0.0045651463	0.00025925747	0.0031928725	0.012497734	0.004960099	0.002086751	0.0016667751	0.0	0.42325184	0.0	0.0	0.0	0.17686719	0.0	0.0
chr16:2115484:G>A	1.0409976	0.6975864	0.006318184	0.0020389857	0.0033195794	-8.166629e-05	0.0054737716	0.026884384	0.0038075582	0.0027255476	0.0016266011	0.07129694	0.08210394	0.0	0.0	0.0	0.18384232	0.0	0.0
chr16:2116135:C>T	-0.17348178	0.017608382	0.0034581474	0.0018196238	0.0035562438	0.00048820485	0.0025593576	0.0012065878	0.0010063563	0.0016076504	0.0015150339	0.0	-0.15928705	0.0	0.0	0.0	0.0	0.0	0.0
chr16:2116917:A>G	1.5026511	0.024807272	0.017526684	0.0019885916	0.020753449	0.00020293082	0.020513706	0.009620803	0.026881425	0.0019798127	0.0012955198	0.8287501	0.37338552	0.0	0.0	0.0	0.23712252	0.0	0.0
chr16:2117069:G>T	0.023741355	0.02996571	0.004265765	0.0016393344	0.0054519097	0.00055232027	0.006000052	0.0027612054	0.004254331	0.002463787	0.0010434707	0.0	-0.002465574	0.0	0.0	0.0	0.016924787	0.0	0.0
chr16:2117490:T>C	1.419866	0.687955	0.016683664	0.0023855665	0.010205225	-5.033561e-06	0.00846852	0.016512008	0.007355479	0.009744975	0.0026877408	0.1443465	0.3781693	0.0	0.0	0.0	0.18346778	0.0	0.0
chr16:2117680:C>T	-0.027097201	0.027479153	0.0013650913	0.0017029383	0.0027954993	0.0003307177	0.0026833238	0.002313556	0.0070660533	0.0013264125	0.0017038184	0.0	-0.026833823	0.0	0.0	0.0	0.0	0.0	0.0
chr16:2118364:A>C	1.1802646	0.010464005	0.0026970315	0.0019017841	0.0046869167	-0.000104917424	0.0050895982	0.0021107888	0.001656999	0.001138033	0.0014919677	0.61357504	0.37177318	0.0	0.0	0.0	0.2185973	0.0	0.0
chr16:2119146:T>A	0.88538414	0.74297225	0.0044457116	0.001831886	0.002916266	0.00011488567	0.006276834	0.009131539	0.0014258516	0.020512123	0.0014088597	0.0	0.0134595875	0.0	0.0	0.0	0.1309445	0.0	0.0
chr16:2119197:G>T	0.539712	0.57202643	0.0048308275	0.0022569483	0.0048471685	0.0008286345	0.008379922	0.014218959	0.0016330784	0.010171451	0.0026472965	0.0	-0.03308748	0.0	0.0	0.0	0.0	0.0	0.0
chr16:2119370:G>A	1.6051736	0.058519743	0.0032049762	0.0014968704	0.00329154	0.00011589987	0.0075238766	0.002878544	0.0019735943	0.015692133	0.0022717754	0.8019155	0.5283318	0.0	0.0	0.0	0.2388435	0.0	0.0
chr16:2135709:T>C	0.48660013	0.014888751	0.004055309	0.0023478398	0.0021682156	-0.0006560605	0.009669033	0.0076160384	0.010245928	0.008860829	0.002690736	0.0	0.32718495	0.0	0.0	0.0	0.15084831	0.0	0.0
chr16:2135712:C>A	0.50582975	0.013920858	0.002611965	0.0019758758	0.0024159579	-0.0002965414	0.011424807	0.004721663	0.007946545	0.008472375	0.0022637106	0.0	0.35280406	0.0	0.0	0.0	0.14485869	0.0	0.0
chr16:2135741:G>A	0.19938274	0.011338263	0.0057364083	0.0018982555	0.0051233177	-0.00030808186	0.002931945	0.0023138914	0.0024338765	0.0061344965	0.001972175	0.0	0.054612007	0.0	0.0	0.0	0.16292267	0.0	0.0
chr16:2135755:A>G	0.49649048	0.01538002	0.0057796836	0.0021723518	0.0049667857	-0.00059640175	0.0067695174	0.008692646	0.018943429	0.008307965	0.0019075132	0.0	0.32729807	0.0	0.0	0.0	0.15050298	0.0	0.0
chr16:2135898:C>T	0.40810156	0.014147086	0.009576623	0.0019372584	0.0046899747	-0.0012171179	0.0060506705	0.034912337	0.02853701	0.0074354243	0.0023856806	0.0	0.19524843	0.0	0.0	0.0	0.14896004	0.0	0.0
chr4:88008331:A>T	1.2392412	0.6930703	0.0070540803	0.018416824	0.008826536	-0.00014862373	0.035625216	0.046318293	0.03158474	0.10328284	0.027682407	0.0	0.13138151	0.0	0.0	0.0	0.1866833	0.0	0.0
chr4:88036214:T>C	1.4381546	0.9315964	0.013731355	0.0026112315	0.022520158	0.00016760785	0.013536978	0.03249429	0.006222101	0.002888505	0.0032725667	0.0	0.28325328	0.0	0.0	0.0	0.17108354	0.0	0.0
chr4:88036251:C>G	2.017731	0.049172327	0.0045484956	0.0018126564	0.0039182384	-0.00016927553	0.0038780067	0.00736422	0.0025265876	0.0021464163	0.0017336422	0.0	0.2731164	1.5110312	0.0	0.0	0.2091777	0.0	0.0
chr4:88036306:G>T	2.3770502	0.21487115	0.0018852748	0.0025926018	0.0038053119	-0.00016719358	0.009944085	0.005737845	0.0032766727	0.005115183	0.0024771849	0.0	0.4464734	1.5209378	0.0	0.0	0.21014138	0.0	0.0
chr4:88038324:G>A	0.4178493	0.019536503	0.003007937	0.0028007599	0.004554911	-0.000638638	0.009445321	0.0020127231	0.0015039732	0.001996666	0.0027548098	0.05410963	0.2096739	0.0	0.0	0.0	0.15608092	0.0	0.0
chr4:88038371:C>T	0.88960457	0.012856479	0.002554229	0.001973337	0.009689927	-0.0003360944	0.013942718	0.0039022279	0.0027712309	0.0013129254	0.0021953604	0.5041318	0.17492592	0.0	0.0	0.0	0.20998283	0.0	0.0
chr4:88038372:G>A	1.1692095	0.011112966	0.0061559915	0.0017630676	0.010640289	-0.00037832616	0.012833378	0.0027984611	0.0010969843	0.0015198846	0.0035107387	0.45209613	0.52593577	0.0	0.0	0.0	0.18978637	0.0	0.0
chr4:88038381:G>A	0.28570858	0.009683683	0.0019477868	0.0019360087	0.008322836	-0.00037078856	0.011348903	0.0016891883	0.004081642	0.0018135398	0.0015385977	0.18937603	-0.057476234	0.0	0.0	0.0	0.16204287	0.0	0.0
chr4:88038473:G>C	0.90110284	0.013803498	0.0025841072	0.0021566243	0.004195281	-8.3390056e-05	0.0033968594	0.003488643	0.0022298158	0.0014757584	0.0021272672	0.4165653	0.2951478	0.0	0.0	0.0	0.20443957	0.0	0.0
chr4:88043306:G>A	1.5626186	0.11677775	0.006844378	0.0028283237	0.016833562	2.0594354e-05	0.01920744	0.0057335896	0.007910988	0.0033012426	0.002727571	0.689212	0.5293808	0.0	0.0	0.0	0.21843046	0.0	0.0
chr4:88043378:T>G	1.44183	0.022747464	0.010602299	0.0018323207	0.046104077	3.2432086e-05	0.014853282	0.007849689	0.017024774	0.001366843	0.002315997	0.7633094	0.38197812	0.0	0.0	0.0	0.21957397	0.0	0.0
chr4:88046642:G>A	0.9535571	0.28100106	0.028232954	0.0038283744	0.03147037	-0.00032607347	0.06931576	0.021176279	0.014647378	0.0041419487	0.003111218	0.0	0.41445857	0.0	0.0	0.0	0.13729906	0.0	0.0
chr4:88046642:G>T	2.1236975	0.788234	0.0064788247	0.0030258768	0.024658782	0.0001353181	0.016129779	0.045030132	0.008715726	0.0057583963	0.0037110278	0.6080136	0.42097297	0.0	0.0	0.0	0.23630692	0.0	0.0
chr4:88046802:G>T	2.6787949	0.35751605	0.005478474	0.003895241	0.010011598	-0.00033586513	0.008488367	0.031901587	0.0050466387	0.0066874735	0.0041538696	0.0	0.5531265	1.5280817	0.0	0.0	0.21229462	0.0	0.0
chr4:88046854:A>T	1.5226263	0.1324916	0.0030127643	0.0035036316	0.0070018754	4.69064e-05	0.006513085	0.010757945	0.0020202931	0.003030494	0.0027346732	0.7967195	0.37579376	0.0	0.0	0.0	0.24161099	0.0	0.0
chr4:88046868:G>T	0.42750022	0.043746818	0.020967597	0.0022050652	0.01473014	-0.0050187837	0.0033540318	0.0035010288	0.004705998	0.0022930645	0.0026750083	0.070981435	0.16513616	0.0	0.0	0.0	0.14847517	0.0	0.0
chr4:88046875:G>C	1.9039854	1.0793037	0.005879387	0.008820824	0.00860032	0.00021188751	0.014067477	0.09376495	0.01156075	0.009129179	0.004236416	0.0	0.52446574	0.0	0.0	0.0	0.19184692	0.0	0.0
chr4:88052158:G>A	1.9483371	0.9790273	0.017442085	0.012843863	0.009209364	0.00026136354	0.043152757	0.1657576	0.02312411	0.013917507	0.0039611557	0.0	0.5284812	0.0	0.0	0.0	0.20447405	0.0	0.0
chr4:88056084:A>G	1.6435405	1.1393645	0.0039112987	0.004754634	0.0033442683	0.00025598734	0.02150974	0.018523686	0.008547855	0.01014179	0.0044706296	0.0	0.28658023	0.0	0.0	0.0	0.1936403	0.0	0.0
chr4:88056263:T>C	1.4392133	0.021296844	0.004312952	0.0013341169	0.005317466	0.00015982043	0.003086628	0.0028596595	0.001762512	0.0017689903	0.0020456072	0.82826036	0.38157168	0.0	0.0	0.0	0.23757546	0.0	0.0
chr4:88056272:G>A	1.8470339	1.1129159	0.0035486398	0.0053854072	0.011884454	0.00047389657	0.015886454	0.0076820673	0.008712647	0.011105841	0.005074258	0.0	0.5357578	0.0	0.0	0.0	0.17932932	0.0	0.0
chr4:88057977:T>G	0.4669954	0.13737792	0.005676795	0.0019699924	0.0056623737	-0.00025497586	0.0037862093	0.009043765	0.0019354573	0.002667145	0.002177873	0.0	0.1909314	0.0	0.0	0.0	0.15667231	0.0	0.0
chr4:88058108:G>A	1.6994714	0.9141754	0.0048319213	0.0038920345	0.0065686624	0.00014771338	0.0106955925	0.11427481	0.007854284	0.0063586924	0.0037110534	0.0	0.48118064	0.0	0.0	0.0	0.19256634	0.0	0.0
chr4:88061901:A>G	1.3327327	1.1613601	0.0033069118	0.0028307722	0.0042565227	0.00057441596	0.016182855	0.0066826753	0.004226713	0.0028484506	0.0018734236	0.0	0.039057672	0.0	0.0	0.0	0.13799886	0.0	0.0
chr4:88065748:C>T	0.27143815	0.012071542	0.0019704255	0.001343548	0.0026458343	-0.00014336465	0.0025296304	0.0016823984	0.0016193906	0.0019468485	0.003012931	0.0	0.14238766	0.0	0.0	0.0	0.15184009	0.0	0.0
chr4:88067891:T>A	0.057931602	0.02598855	0.002795888	0.0017186588	0.002494563	0.00021858439	0.0023759925	0.0017369643	0.0017702895	0.001826088	0.0016546265	0.0	0.05708899	0.0	0.0	0.0	0.007289919	0.0	0.0
chr4:88067959:G>A	0.84049153	0.013117346	0.0016331291	0.0012696609	0.017173307	-0.00047299083	0.004870279	0.0016177538	0.0012268261	0.0012707296	0.0016230908	0.26616454	0.40819478	0.0	0.0	0.0	0.16836528	0.0	0.0
chr4:88074832:G>A	1.5517141	0.015820224	0.009761009	0.002753542	0.14047092	-0.0007414683	0.04619227	0.052002147	0.06777899	0.0022225275	0.0031038206	0.6633363	0.4113501	0.0	0.0	0.0	0.18206939	0.0	0.0
chr4:88074946:A>G	1.3957564	0.61581004	0.03975632	0.0027305451	0.023396319	-0.000100882826	0.025532	0.016535323	0.025663354	0.003919536	0.007473952	0.13592643	0.37797222	0.0	0.0	0.0	0.16905636	0.0	0.0
