pmid,citation,entries,positive_entries,negative_entries,indeterminate_entries,assays
10612835,"Thongnoppakhun A, Rungroj N, Wilairat P, Vareesangthip K, Sirinavin C, Yenchitsomanus PT. A novel splice-acceptor site mutation (IVS13-2A>T) of polycystic kidney disease 1 (PKD1) gene resulting in an RNA processing defect with a 74-nucleotide deletion in exon 14 of the mRNA transcript. Hum Mutat. 2000;15(1):115. doi:10.1002/(SICI)1098-1004(200001)15:1<115::AID-HUMU22>3.0.CO;2-Z.",1,1,0,0,patient lymphocyte RNA
19158373,"Wang K, Zhao X, Chan S, Cil O, He N, Song X, et al. Evidence for pathogenicity of atypical splice mutations in autosomal dominant polycystic kidney disease. Clin J Am Soc Nephrol. 2009;4(2):442-9. doi:10.2215/CJN.00980208.",1,1,0,0,patient leukocyte RT-PCR
20950398,"Tan YC, Blumenfeld J, Michaeel A, Donahue S, Balina M, Parker T, et al. Aberrant PKD2 splicing due to a presumed novel missense mutation in autosomal-dominant polycystic kidney disease. Clin Genet. 2011;80(3):287-92. doi:10.1111/j.1399-0004.2010.01555.x.",1,1,0,0,patient leukocyte RNA
24575920,"Yu C, Li J, Yuan Z, Liu S, Zou L. Two novel mutations affecting the same splice site of PKD1 correlate with different phenotypes in ADPKD. Ren Fail. 2014;36(5):687-93. doi:10.3109/0886022X.2014.890010.",2,2,0,0,cDNA cloning and sequencing
24907393,"Gonzalez-Paredes FJ, Ramos-Trujillo E, Claverie-Martin F. Defective pre-mRNA splicing in PKD1 due to presumed missense and synonymous mutations causing autosomal dominant polycystic disease. Gene. 2014;546(2):243-9. doi:10.1016/j.gene.2014.06.004.",30,3,27,0,minigene (kidney cell lines)
26692149,"Gonzalez-Paredes FJ, Ramos-Trujillo E, Claverie-Martin F. Three exonic mutations in polycystic kidney disease-2 gene (PKD2) alter splicing of its pre-mRNA in a minigene system. Gene. 2016;578(1):117-23. doi:10.1016/j.gene.2015.12.019.",13,3,10,0,minigene; minigene (293T and COS7); minigene; patient RT-PCR; minigene; patient lymphoblast RNA
27984604,"Xu P, Zou Y, Li J, Huang S, Gao M, Kang R, et al. [Identification of a novel splicing mutation of PKD1 gene in a pedigree affected with autosomal dominant polycystic kidney disease]. Zhonghua Yi Xue Yi Chuan Xue Za Zhi. 2016;33(6):778-781. doi:10.3760/cma.j.issn.1003-9406.2016.06.007.",1,1,0,0,patient RT-PCR
30424739,"Xu P, Huang S, Li J, Zou Y, Gao M, Kang R, et al. A novel splicing mutation in the PKD1 gene causes autosomal dominant polycystic kidney disease in a Chinese family: a case report. BMC Med Genet. 2018;19(1):198. doi:10.1186/s12881-018-0706-6.",1,1,0,0,patient RT-PCR
34257392,"Xie S, Leng X, Tao D, Zhang Y, Wang Z, Zhang X, et al. Identification of novel single-nucleotide variants altering RNA splicing of PKD1 and PKD2. J Hum Genet. 2022;67(1):27-34. doi:10.1038/s10038-021-00959-1.",37,8,29,0,minigene
34542828,"Deng LX, Yang Y, Yang J, Zhou LW, Wang K, Zhou JH. A Presumed Synonymous Mutation of PKD2 Caused Autosomal Dominant Polycystic Kidney Disease in a Chinese Family. Curr Med Sci. 2021;41(5):1029-1036. doi:10.1007/s11596-021-2436-9.",1,1,0,0,patient RT-PCR
34749493,"Zhang J, Wang Y, Zhao Y, Liu F. A new atypical splice mutation in PKD2 leading to autosomal dominant polycystic kidney disease in a Chinese family. Singapore Med J. 2024;65(4):229-234. doi:10.11622/smedj.2021162.",1,1,0,0,patient RT-PCR
36029107,"Zhang Z, Blumenfeld J, Ramnauth A, Barash I, Zhou P, Levine D, et al. A common intronic single nucleotide variant modifies PKD1 expression level. Clin Genet. 2022;102(6):483-493. doi:10.1111/cge.14214.",1,1,0,0,patient blood RT-PCR; allele-specific expression; binding assays
37272738,"Zhao Q, Tan Y, Xiao X, Xiang Q, Yang M, Wang H, et al. A novel heterozygous PKD1 variant causing alternative splicing in a Chinese family with autosomal dominant polycystic kidney disease. Mol Genet Genomic Med. 2023;11(8):e2217. doi:10.1002/mgg3.2217.",1,1,0,0,patient cDNA sequencing
37419908,"Hort Y, Sullivan P, Wedd L, Fowles L, Stevanovski I, Deveson I, et al. Atypical splicing variants in PKD1 explain most undiagnosed typical familial ADPKD. NPJ Genom Med. 2023;8(1):16. doi:10.1038/s41525-023-00362-z.",6,6,0,0,patient blood RT-PCR; patient blood RT-PCR; minigene
37468838,"Liu X, Shi X, Xin Q, Liu Z, Pan F, Qiao D, et al. Identified eleven exon variants in PKD1 and PKD2 genes that altered RNA splicing by minigene assay. BMC Genomics. 2023;24(1):407. doi:10.1186/s12864-023-09444-9.",15,11,4,0,minigene (pSPL3)
39169606,"Yoon SY, Kim JS, Park KS. Aberrant Splicing in PKD2 in a Family of Korean Patients With Autosomal Dominant Polycystic Kidney Disease. Ann Lab Med. 2024;44(6):621-624. doi:10.3343/alm.2024.0221.",1,1,0,0,patient RT-PCR
39200828,"De Paolis E, Raspaglio G, Ciferri N, Zangrilli I, Ricciardi Tenore C, Urbani A, et al. Single-Base Substitution Causing Dual-Exon Skipping Event in PKD2 Gene: Unusual Molecular Finding from Exome Sequencing in a Patient with Autosomal Dominant Polycystic Kidney Disease. J Clin Med. 2024;13(16). doi:10.3390/jcm13164682.",1,1,0,0,patient RT-PCR
41006799,"Wedd L, Hort Y, Patel C, Sayer JA, Rius R, Mallett AJ, et al. PKD1 5'UTR variants are a rare cause of disease in ADPKD and suggest a new focus for therapeutic development. Eur J Hum Genet. 2026;34(1):61-69. doi:10.1038/s41431-025-01949-z.",3,1,2,0,5'UTR luciferase reporter
41083429,"Li Z, Gao Y, Lu Q, Deng X, Yuan J, Chen H, et al. PKD1 Splice and PKD2 Nonsense Variants Identified in Two Chinese Families With Autosomal Dominant Polycystic Kidney Disease. Nephrology (Carlton). 2025;30(10):e70135. doi:10.1111/nep.70135.",1,1,0,0,minigene
41141524,"Youn SH, Kim B, Park HC, Kim YC, Bae EH, Oh YK, et al. Functional Evaluation of PKD1 Intronic Variants by Minigene Assays. Kidney Int Rep. 2025;10(10):3674-3677. doi:10.1016/j.ekir.2025.08.010.",5,4,0,1,"minigene (pSPL3, HEK293T)"
41242437,"Zhu J, Xu ZY, Yu HP, Wang RL, Luo YJ, Xie LJ, et al. De novo PKD1 splicing and missense variants in two familial ADPKD: Molecular characterization and genetic counseling implications. Gene. 2026;978:149902. doi:10.1016/j.gene.2025.149902.",1,1,0,0,minigene
41659037,"Zheng W, Xing X, Sun X, Wei N. An intronic micro-deletion impacts the transcription and translation of PKD1 gene. Front Genet. 2025;16:1707053. doi:10.3389/fgene.2025.1707053.",1,1,0,0,minigene
42502691,"Han ST, Rehman AU, Srinivasa ST, Lam A, Ficurilli M, Felice V, et al. Genome and transcriptome sequencing reveal pathogenic activation of a pseudoexon in PKD1 via a de novo-common variant complex allele. Genet Med Open. 2026;4:104407. doi:10.1016/j.gimo.2026.104407.",2,1,1,0,fibroblast RNA-seq of carrier father; patient fibroblast RNA-seq
42621998,"Pan Q, Liu Y, Sun X, Lu S, Li L, Shen J. Case Report: Functional validation of a PKD1 c.7489 + 5G>A variant in an ADPKD family. Front Genet. 2026;17:1850997. doi:10.3389/fgene.2026.1850997.",1,1,0,0,minigene
