pmid	pmcid	doi	year	journal	title	first_author	matched_queries
39951171		10.1007/s13353-024-00937-1	2026	J Appl Genet	Genetic analysis of autosomal dominant polycystic kidney disease in Iranian families: a combined Sanger and next-generation sequencing study.	Rafiee M	Q1_splice_noncoding
41006799	PMC12816572	10.1038/s41431-025-01949-z	2026	Eur J Hum Genet	PKD1 5'UTR variants are a rare cause of disease in ADPKD and suggest a new focus for therapeutic development.	Wedd L	Q1_splice_noncoding;Q2_adpkd_functional
41071604	PMC13065212	10.1681/ASN.0000000894	2026	J Am Soc Nephrol	Spatial Transcriptomics Reveals Injured Cells, Signature Genes, and Communication Patterns in the Cyst Microenvironment of Polycystic Kidney Disease.	Yasinoglu SA	Q2_adpkd_functional
41077129	PMC13449052	10.1016/j.kint.2025.08.039	2026	Kidney Int	Inactivation of Pkd2 in adult mice results in delayed cyst formation and identifies sex as a major modifier of disease severity.	Outeda P	Q2_adpkd_functional
41242437		10.1016/j.gene.2025.149902	2026	Gene	De novo PKD1 splicing and missense variants in two familial ADPKD: Molecular characterization and genetic counseling implications.	Zhu J	Q1_splice_noncoding;Q2_adpkd_functional
41501598	PMC13158232	10.1093/hmg/ddaf205	2026	Hum Mol Genet	PAX gene expression in autosomal dominant polycystic kidney disease contributes to cyst expansion and regulates a gene network associated with cyst growth.	Zheng Q	Q2_adpkd_functional
41507385	PMC12873420	10.1038/s41598-026-35234-w	2026	Sci Rep	Loss of Snhg5 disrupts cell-cycle regulation without altering cystogenesis in a mouse model of polycystic kidney disease.	D'Amico S	Q1_splice_noncoding;Q2_adpkd_functional
41557043	PMC12819920	10.1007/s11302-025-10127-1	2026	Purinergic Signal	Abnormal purinergic signaling contributes to development of renal cysts in autosomal dominant polycystic kidney disease.	Ivanov V	Q2_adpkd_functional
41558825	PMC12818905	10.1093/nar/gkaf1538	2026	Nucleic Acids Res	Disruption of a six-nucleotide miRNA motif improves PKD1 dosage and ameliorates polycystic kidney disease.	Lakhia R	Q1_splice_noncoding;Q2_adpkd_functional
41563399	PMC13143478	10.1681/ASN.0000000940	2026	J Am Soc Nephrol	α -Klotho Promotes Cell Death and Suppresses Inflammation through TNF-Cellular Inhibitor of Apoptosis Protein 1 Signaling in Autosomal Dominant Polycystic Kidney Disease.	Li LX	Q2_adpkd_functional
41563804	PMC13337165	10.1681/ASN.0000000980	2026	J Am Soc Nephrol	Glis3 Is a Modifier of Cyst Progression in Autosomal Dominant Polycystic Kidney Disease.	Wei Z	Q1_splice_noncoding
41656913	PMC12915864	10.1080/21505594.2026.2629657	2026	Virulence	miR-17-5p inhibits classical swine fever virus replication by targeting the PKD2-regulated AMPK/mTOR autophagy pathway.	Wang X	Q1_splice_noncoding
41680856	PMC13001273	10.1186/s12964-026-02715-4	2026	Cell Commun Signal	Ift46 deficiency causes renal cyst via enhanced Limk2 through lack of autophagy flux.	Jun JH	Q2_adpkd_functional
41720266	PMC13056400	10.1016/j.kint.2026.01.023	2026	Kidney Int	Disruption of the human cystin-1 myristoyl-electrostatic switch causes polycystic kidney disease that phenocopies autosomal recessive polycystic kidney disease.	Yang C	Q2_adpkd_functional
41722769		10.1016/j.lfs.2026.124283	2026	Life Sci	Emodin retards renal cyst progression in ADPKD by inhibiting cell proliferation and decreasing oxidative stress.	Su Y	Q2_adpkd_functional
41840489	PMC13104467	10.1186/s10020-026-01457-w	2026	Mol Med	Progressive endocannabinoid system dysregulation in autosomal dominant polycystic kidney disease.	Betkar S	Q2_adpkd_functional
42115942	PMC13162504	10.1186/s12860-026-00591-x	2026	BMC Mol Cell Biol	Modelling kidney cystogenesis using human kidney tubuloid cultures.	Rohe J	Q2_adpkd_functional
42244619	PMC13232188	10.64898/2026.05.23.727418	2026	bioRxiv	CRISPR activation of endogenous PKD1 increases polycystin-1 levels and suppresses cellular features of ADPKD.	Chakraborty A	Q1_splice_noncoding
42314074		10.1093/ndt/gfag141	2026	Nephrol Dial Transplant	Klotho suppresses cyst growth in ADPKD through the regulation of ferroptosis and reversing DNA methylation.	Lv J	Q1_splice_noncoding
42329029		10.1681/ASN.0000001169	2026	J Am Soc Nephrol	Alanyl-Transfer RNA Synthetase 1 and Cyst Growth in Autosomal Dominant Polycystic Kidney Disease.	Tian L	Q1_splice_noncoding
42336693		10.1016/j.nefroe.2026.501577	2026	Nefrologia (Engl Ed)	From clinical mimicry to accurate diagnosis: COL4A4-associated nephropathy hidden behind polycystic kidney disease.	Del Águila García MDM	Q1_splice_noncoding
42502691	PMC13400206	10.1016/j.gimo.2026.104407	2026	Genet Med Open	Genome and transcriptome sequencing reveal pathogenic activation of a pseudoexon in PKD1 via a de novo-common variant complex allele.	Han ST	Q1_splice_noncoding;Q2_adpkd_functional
42518278	PMC13564071	10.1172/jci.insight.207157	2026	JCI Insight	A cross-model single-cell atlas reveals conserved involvement of osteopontin in polycystic kidney disease.	Miller SJ	Q2_adpkd_functional
42518289	PMC13574166	10.1172/JCI203177	2026	J Clin Invest	PKD1 upstream open reading frames affect Polycystin-1 expression and polycystic kidney disease phenotypes.	Li Z	Q1_splice_noncoding;Q2_adpkd_functional
42551719		10.1016/j.gene.2026.150340	2026	Gene	A novel PKHD1 missense variant disrupting splicing in a fetus with Caroli disease.	Huang H	Q2_adpkd_functional
42573181		10.1093/cvr/cvag171	2026	Cardiovasc Res	Polycystin-1 suppresses apoptotic signalling in endothelial cells and protects from atherosclerosis.	Tardajos Ayllon B	Q2_adpkd_functional
42621998	PMC13489591	10.3389/fgene.2026.1850997	2026	Front Genet	Case Report: Functional validation of a PKD1 c.7489 + 5G>A variant in an ADPKD family.	Pan Q	Q1_splice_noncoding;Q2_adpkd_functional
39514301	PMC11975248	10.1681/ASN.0000000557	2025	J Am Soc Nephrol	Adamts1 and Cyst Expansion in Polycystic Kidney Disease.	Kakade VR	Q2_adpkd_functional
39757590	PMC11810096	10.1080/15476286.2024.2448387	2025	RNA Biol	Translational regulation of PKD1 by evolutionarily conserved upstream open reading frames.	Chen L	Q1_splice_noncoding;Q2_adpkd_functional
39803743		10.1002/mc.23873	2025	Mol Carcinog	LncRNA FGD5-AS1 Facilitates Hepatocellular Carcinoma Cell Stemness by Enhancing PKD1 mRNA Stability Through Binding With MSI2.	He C	Q1_splice_noncoding
40069205	PMC11897170	10.1038/s41525-025-00477-5	2025	NPJ Genom Med	Targeted long-read sequencing enables higher diagnostic yield of ADPKD by accurate PKD1 genetic analysis.	Sun Q	Q1_splice_noncoding;Q2_adpkd_functional
40075430	PMC11905708	10.1186/s13023-025-03640-4	2025	Orphanet J Rare Dis	Identification of ETFDH gene c. 487 + 2 T > A pathogenic variant and mechanisms for polycystic kidney in neonatal onset MADD.	Zhang B	Q2_adpkd_functional
40114603	PMC12067086	10.1242/dmm.052024	2025	Dis Model Mech	Microvascular aberrations found in human polycystic kidneys are an early feature in a Pkd1 mutant mouse model.	Jafree DJ	Q2_adpkd_functional
40155475	PMC11953252	10.1038/s41598-025-95456-2	2025	Sci Rep	Alternative splicing analysis in a Spanish ASD (Autism Spectrum Disorders) cohort: in silico prediction and characterization.	Dominguez-Alonso S	Q1_splice_noncoding
40170356	PMC12018183	10.1016/j.xhgg.2025.100429	2025	HGG Adv	Severe Joubert syndrome in family with homozygous POC1B p.Arg106Pro variant is due to a co-inherited deep-intronic mutation in the neighboring CEP290 gene.	Betz C	Q2_adpkd_functional
40247090	PMC12152183	10.1038/s44319-025-00454-0	2025	EMBO Rep	Disrupted glucocorticoid receptor cell signalling causes a ciliogenesis defect in the fetal mouse renal tubule.	Short KL	Q2_adpkd_functional
40428294	PMC12111500	10.3390/genes16050472	2025	Genes (Basel)	Clinical Relevance of IFT140 Loss-of-Function Variants in Development of Renal Cysts.	Cristalli CP	Q1_splice_noncoding
40578685		10.1016/j.kint.2025.05.027	2025	Kidney Int	Cellular senescence and its association with aldose reductase promote cyst growth in autosomal dominant polycystic kidney disease.	Mao X	Q2_adpkd_functional
40602764	PMC12506767	10.1152/ajprenal.00056.2025	2025	Am J Physiol Renal Physiol	Kidney organoids demonstrate that PTH1R drives a cystogenic cAMP-pPKA-pCREB axis in developmental polycystic kidney disease.	Afrin H	Q2_adpkd_functional
40816622		10.1053/j.ajkd.2025.06.011	2025	Am J Kidney Dis	Intronic and Coding Genetic Variants in Autosomal Recessive Polycystic Kidney Disease Among Israeli Bedouins of Arabian Peninsula Ancestry.	Agam N	Q2_adpkd_functional
40824905		10.1152/ajprenal.00354.2024	2025	Am J Physiol Renal Physiol	The impact of chronic kidney disease on arteriovenous fistula remodeling: studies in a murine model of autosomal dominant polycystic kidney disease.	Laboyrie SL	Q2_adpkd_functional
40851276	PMC12758291	10.1080/15548627.2025.2551683	2025	Autophagy	Non-coding RNAs regulate autophagy in kidney disease: friend or foe?	Li Y	Q2_adpkd_functional
40909512	PMC12407920	10.1101/2025.08.25.672225	2025	bioRxiv	Pirfenidone treatment attenuates fibrosis in autosomal dominant polycystic kidney disease.	Remadevi V	Q2_adpkd_functional
41000888	PMC12458445	10.1101/2025.09.17.676846	2025	bioRxiv	A cross model spatial and single-cell atlas reveals the conserved involvement of osteopontin in polycystic kidney disease.	Miller SJ	Q2_adpkd_functional
41078724	PMC12509002	10.1021/acsomega.5c06193	2025	ACS Omega	Gambogic Acid Inhibits MDCK Cyst Enlargement by Suppressing Inflammation via p38 and NF-κB Pathway Inhibition.	Khunpatee N	Q1_splice_noncoding
41083429		10.1111/nep.70135	2025	Nephrology (Carlton)	PKD1 Splice and PKD2 Nonsense Variants Identified in Two Chinese Families With Autosomal Dominant Polycystic Kidney Disease.	Li Z	Q1_splice_noncoding;Q2_adpkd_functional
41089214	PMC12517586	10.3389/fgene.2025.1651306	2025	Front Genet	Prenatal diagnosis and molecular characterization of PKHD1 variants in two Chinese fetuses with Caroli disease/syndrome.	Huang H	Q2_adpkd_functional
41098313	PMC12519432	10.1002/jex2.70089	2025	J Extracell Biol	Selected miRNAs in Urinary Extracellular Vesicles Show Promise for Early and Specific Diagnostics of Diabetic Kidney Disease.	Barreiro K	Q2_adpkd_functional
41141524	PMC12546640	10.1016/j.ekir.2025.08.010	2025	Kidney Int Rep	Functional Evaluation of PKD1 Intronic Variants by Minigene Assays.	Youn SH	Q1_splice_noncoding
41166294	PMC12574933	10.1371/journal.pone.0332969	2025	PLoS One	Eliosin-an alternative product from the HmPKD1 locus is a component of endoplasmic reticulum mitochondria membrane contact sites.	Kurbegovic A	Q1_splice_noncoding
41279527	PMC12633239	10.1101/2025.10.22.683929	2025	bioRxiv	Disruption of a six-nucleotide miRNA motif improves PKD1 dosage and ameliorates polycystic kidney disease.	Lakhia R	Q1_splice_noncoding;Q2_adpkd_functional
41381416	PMC12714704	10.1038/s41467-025-65997-1	2025	Nat Commun	In vivo base editing rescues ADPKD in a humanized mouse model.	Cheng AS	Q1_splice_noncoding
41659037	PMC12875593	10.3389/fgene.2025.1707053	2025	Front Genet	An intronic micro-deletion impacts the transcription and translation of PKD1 gene.	Zheng W	Q1_splice_noncoding;Q2_adpkd_functional
34749493	PMC11132625	10.11622/smedj.2021162	2024	Singapore Med J	A new atypical splice mutation in PKD2 leading to autosomal dominant polycystic kidney disease in a Chinese family.	Zhang J	Q1_splice_noncoding
37953472	PMC10786614	10.1681/ASN.0000000000000265	2024	J Am Soc Nephrol	Ablation of Long Noncoding RNA Hoxb3os Exacerbates Cystogenesis in Mouse Polycystic Kidney Disease.	Weisser I	Q1_splice_noncoding
38070582		10.1016/j.bbadis.2023.166987	2024	Biochim Biophys Acta Mol Basis Dis	Transcriptomic profiling of Polycystic Kidney Disease identifies paracrine factors in the early cyst microenvironment.	Yasinoglu SA	Q2_adpkd_functional
38073039	PMC10914202	10.1681/ASN.0000000000000277	2024	J Am Soc Nephrol	Matrix Metalloproteinase-7 in Urinary Extracellular Vesicles Identifies Rapid Disease Progression in Autosomal Dominant Polycystic Kidney Disease.	van Heugten MH	Q2_adpkd_functional
38211685	PMC11116050	10.1053/j.ajkd.2023.12.011	2024	Am J Kidney Dis	A Deep Intronic PKHD1 Variant Identified by SpliceAI in a Deceased Neonate With Autosomal Recessive Polycystic Kidney Disease.	Richter F	Q2_adpkd_functional
38404150		10.1002/jgm.3674	2024	J Gene Med	Global analysis of urinary extracellular vesicle small RNAs in autosomal dominant polycystic kidney disease.	Ali H	Q2_adpkd_functional
38541974	PMC10971467	10.3390/jcm13061751	2024	J Clin Med	Clinical Utility of Genetic Testing with Geographical Locations in ADPKD: Describing New Variants.	García Rabaneda C	Q1_splice_noncoding
38548773	PMC10978896	10.1038/s41439-024-00273-0	2024	Hum Genome Var	End-stage ADPKD with a low-frequency PKD1 mosaic variant accelerated by chemoradiotherapy.	Hanafusa H	Q1_splice_noncoding
38656794	PMC11230724	10.1681/ASN.0000000000000353	2024	J Am Soc Nephrol	Grainyhead-like 2 Deficiency and Kidney Cyst Growth in a Mouse Model.	Yurtdas ZY	Q2_adpkd_functional
38670396		10.1016/j.gene.2024.148505	2024	Gene	Identification of deleterious variants in nine polycystic kidney disease affected families.	Yuan J	Q1_splice_noncoding;Q2_adpkd_functional
38782200	PMC11270650	10.1016/j.kint.2024.04.017	2024	Kidney Int	DNA methyltransferase 1 (DNMT1) promotes cyst growth and epigenetic age acceleration in autosomal dominant polycystic kidney disease.	Zhou JX	Q2_adpkd_functional
38885798		10.1016/j.bbadis.2024.167309	2024	Biochim Biophys Acta Mol Basis Dis	Next generation sequencing identifies WNT signalling as a significant pathway in Autosomal Recessive Polycystic Kidney Disease (ARPKD) manifestation and may be linked to disease severity.	Richards T	Q2_adpkd_functional
38944240		10.1016/j.kint.2024.05.029	2024	Kidney Int	Targeted RNAseq from patients' urinary cells to validate pathogenic noncoding variants in autosomal dominant polycystic kidney disease genes: a proof of concept.	Dorval G	Q2_adpkd_functional
39015774	PMC11250243	10.3389/fgene.2024.1429336	2024	Front Genet	Pathogenic relationship between phenotypes of ARPKD and novel compound heterozygous mutations of PKHD1.	Zhang X	Q2_adpkd_functional
39043969	PMC11579507	10.1038/s41401-024-01345-1	2024	Acta Pharmacol Sin	Chromodomain Y-like (CDYL) inhibition ameliorates acute kidney injury in mice by regulating tubular pyroptosis.	Xiang T	Q2_adpkd_functional
39136524		10.1002/ajmg.a.63841	2024	Am J Med Genet A	Heterozygous loss of function variants in IFT140 are associated with polycystic kidney disease.	Clark D	Q1_splice_noncoding
39169606	PMC11375193	10.3343/alm.2024.0221	2024	Ann Lab Med	Aberrant Splicing in PKD2 in a Family of Korean Patients With Autosomal Dominant Polycystic Kidney Disease.	Yoon SY	Q1_splice_noncoding;Q2_adpkd_functional
39180371		10.1002/jbt.23818	2024	J Biochem Mol Toxicol	miR-542-5p targets GREM1 to affect the progression of renal fibrosis.	Pang S	Q2_adpkd_functional
39183159		10.3760/cma.j.cn112138-20231228-00412	2024	Zhonghua Nei Ke Za Zhi	[Characterization of 19 novel gene mutation sites associated with autosome-dominant polycystic kidney disease].	Yang JL	Q1_splice_noncoding
39200828	PMC11355194	10.3390/jcm13164682	2024	J Clin Med	Single-Base Substitution Causing Dual-Exon Skipping Event in PKD2 Gene: Unusual Molecular Finding from Exome Sequencing in a Patient with Autosomal Dominant Polycystic Kidney Disease.	De Paolis E	Q1_splice_noncoding;Q2_adpkd_functional
39360029	PMC11444976	10.3389/ebm.2024.10167	2024	Exp Biol Med (Maywood)	Single-cell RNA sequencing data locate ALDH1A2-mediated retinoic acid synthetic pathway to glomerular parietal epithelial cells.	Liu WB	Q2_adpkd_functional
39432926		10.1016/j.bbrc.2024.150848	2024	Biochem Biophys Res Commun	Integrated mRNA-seq and miRNA-seq analysis reveals key transcription factors of HNF4α and KLF4 in ADPKD.	Huang L	Q1_splice_noncoding
39521997	PMC11550526	10.1186/s40246-024-00675-9	2024	Hum Genomics	Minigene-based splice assays provide new insights on intronic variants of the PKHD1 gene.	Zhang Y	Q2_adpkd_functional
39802450	PMC11720931	10.1515/jtim-2024-0021	2024	J Transl Int Med	Gene therapy in polycystic kidney disease: A promising future.	Xue C	Q1_splice_noncoding;Q2_adpkd_functional
39886526	PMC11781568	10.1016/j.vesic.2024.100048	2024	Extracell Vesicle	An extracellular vesicle based hypothesis for the genesis of the polycystic kidney diseases.	Hogan MC	Q1_splice_noncoding
36283570	PMC9841439	10.1016/j.kint.2022.08.039	2023	Kidney Int	Enhancer and super-enhancer landscape in polycystic kidney disease.	Lakhia R	Q1_splice_noncoding
36336066	PMC9926528	10.1016/j.ajpath.2022.10.007	2023	Am J Pathol	Identification of an Electrogenic 2Cl(-)/H(+) Exchanger, ClC5, as a Chloride-Secreting Transporter Candidate in Kidney Cyst Epithelium in Tuberous Sclerosis.	Barone S	Q2_adpkd_functional
36828617		10.1016/j.jphs.2023.01.001	2023	J Pharmacol Sci	Development of gene silencer pyrrole-imidazole polyamides targeting GSK3β for treatment of polycystic kidney diseases.	Baba S	Q1_splice_noncoding
36835961	PMC9966971	10.3390/jcm12041428	2023	J Clin Med	A Potential Therapy Using Antisense Oligonucleotides to Treat Autosomal Recessive Polycystic Kidney Disease.	Li H	Q2_adpkd_functional
36890159	PMC9995463	10.1038/s41467-023-36864-8	2023	Nat Commun	Imputation-powered whole-exome analysis identifies genes associated with kidney function and disease in the UK Biobank.	Wuttke M	Q1_splice_noncoding
37003573		10.1016/j.ejmg.2023.104753	2023	Eur J Med Genet	Novel multi-allelic variants, two BBS2 and one PKD1 variant, of renal ciliopathies: A case report and literature review.	Zhong F	Q1_splice_noncoding
37214311	PMC10199405	10.1016/j.omtm.2023.03.016	2023	Mol Ther Methods Clin Dev	Modeling Pkd1 gene-targeted strategies for correction of polycystic kidney disease.	Kurbegovic A	Q1_splice_noncoding;Q2_adpkd_functional
37241147	PMC10224545	10.3390/medicina59050915	2023	Medicina (Kaunas)	Urinary Biomarkers in Monitoring the Progression and Treatment of Autosomal Dominant Polycystic Kidney Disease-The Promised Land?	Pana C	Q1_splice_noncoding
37272738	PMC10422069	10.1002/mgg3.2217	2023	Mol Genet Genomic Med	A novel heterozygous PKD1 variant causing alternative splicing in a Chinese family with autosomal dominant polycystic kidney disease.	Zhao Q	Q1_splice_noncoding
37308968	PMC10262403	10.1186/s13578-023-01055-x	2023	Cell Biosci	Ahnak is required to balance calcium ion homeostasis and smooth muscle development in the urinary system.	Lee JM	Q2_adpkd_functional
37419908	PMC10328916	10.1038/s41525-023-00362-z	2023	NPJ Genom Med	Atypical splicing variants in PKD1 explain most undiagnosed typical familial ADPKD.	Hort Y	Q1_splice_noncoding
37456659	PMC10339289	10.3389/fgene.2023.1207772	2023	Front Genet	A novel PKHD1 splicing variant identified in a fetus with autosomal recessive polycystic kidney disease.	Miao M	Q2_adpkd_functional
37468838	PMC10354997	10.1186/s12864-023-09444-9	2023	BMC Genomics	Identified eleven exon variants in PKD1 and PKD2 genes that altered RNA splicing by minigene assay.	Liu X	Q1_splice_noncoding;Q2_adpkd_functional
37538309	PMC10394241	10.3389/fmed.2023.1173674	2023	Front Med (Lausanne)	Accelerated cystogenesis by dietary protein load is dependent on, but not initiated by kidney macrophages.	Sedaka R	Q2_adpkd_functional
37720991	PMC11178268	10.1152/physiolgenomics.00040.2023	2023	Physiol Genomics	Polycystin-2-dependent transcriptome reveals early response of autosomal dominant polycystic kidney disease.	Jung HJ	Q2_adpkd_functional
37898820	PMC10612314	10.1186/s13578-023-01146-9	2023	Cell Biosci	IK is essentially involved in ciliogenesis as an upstream regulator of oral-facial-digital syndrome ciliopathy gene, ofd1.	Ka HI	Q2_adpkd_functional
37953234	PMC10642002	10.1186/s12920-023-01725-2	2023	BMC Med Genomics	OGM and WES identifies translocation breakpoints in PKD1 gene in an polycystic kidney patient and healthy baby delivered using PGT.	Xu P	Q1_splice_noncoding
37973220		10.1016/j.jphs.2023.10.002	2023	J Pharmacol Sci	Catalpol ameliorates dexamethasone-induced osteoporosis by promoting osteogenic differentiation of bone marrow mesenchymal stem cells via the activation of PKD1 promoter.	Xu L	Q1_splice_noncoding
38026227	PMC10665819	10.1016/j.isci.2023.108278	2023	iScience	Short salsalate administration affects cell proliferation, metabolism, and inflammation in polycystic kidney disease.	Kanhai AA	Q2_adpkd_functional
38028758	PMC10663234	10.3389/fphys.2023.1289388	2023	Front Physiol	Not all kidney cysts are created equal: a distinct renal cystogenic mechanism in tuberous sclerosis complex (TSC).	Soleimani M	Q2_adpkd_functional
40225164	PMC11918891	10.1155/2023/6633248	2023	Hum Mutat	A Palindrome-Like Structure on 16p13.3 Is Associated with the Formation of Complex Structural Variations and SRRM2 Haploinsufficiency.	Pagnamenta AT	Q1_splice_noncoding
34257392		10.1038/s10038-021-00959-1	2022	J Hum Genet	Identification of novel single-nucleotide variants altering RNA splicing of PKD1 and PKD2.	Xie S	Q1_splice_noncoding;Q2_adpkd_functional
34536170	PMC8770369	10.1007/s10157-021-02135-3	2022	Clin Exp Nephrol	Clinical features of autosomal recessive polycystic kidney disease in the Japanese population and analysis of splicing in PKHD1 gene for determination of phenotypes.	Ishiko S	Q2_adpkd_functional
34757121	PMC10671900	10.1016/j.kint.2021.10.014	2022	Kidney Int	"""ADPKD-omics"": determinants of cyclic AMP levels in renal epithelial cells."	Mehta YR	Q2_adpkd_functional
35005812		10.1002/humu.24324	2022	Hum Mutat	Targeted next-generation sequencing in a large series of fetuses with severe renal diseases.	Jordan P	Q1_splice_noncoding;Q2_adpkd_functional
35072340		10.1002/biot.202100382	2022	Biotechnol J	Characterization of essential elements for improved episomal expressions in Kluyveromyces marxianus.	Wu P	Q1_splice_noncoding
35257066	PMC8897295	10.1016/j.ekir.2021.12.012	2022	Kidney Int Rep	Germline Mutations for Kidney Volume in ADPKD.	Kataoka H	Q1_splice_noncoding
35497784	PMC9039465	10.1016/j.ekir.2021.12.027	2022	Kidney Int Rep	Lessons From the Clinic: ADPKD Genetic Test Unraveling Severe Phenotype, Intrafamilial Variability, and New, Rare Causing Genotype.	Izzi C	Q1_splice_noncoding
35695071	PMC9346484	10.15252/embr.202154315	2022	EMBO Rep	A cAMP signalosome in primary cilia drives gene expression and kidney cyst formation.	Hansen JN	Q2_adpkd_functional
35726512		10.1002/uog.24974	2022	Ultrasound Obstet Gynecol	Utility of trio-based prenatal exome sequencing incorporating splice-site and mitochondrial genome assessment in pregnancies with fetal ultrasound anomalies: prospective cohort study.	Zhu X	Q1_splice_noncoding
35791741	PMC9731784	10.23876/j.krcp.21.303	2022	Kidney Res Clin Pract	Identification of osteopontin as a urinary biomarker for autosomal dominant polycystic kidney disease progression.	Kim H	Q2_adpkd_functional
35862648	PMC9423782	10.1152/ajprenal.00016.2022	2022	Am J Physiol Renal Physiol	Small hairpin inhibitory RNA delivery in the metanephric organ culture identifies long noncoding RNA Pvt1 as a modulator of cyst growth.	Eckberg K	Q1_splice_noncoding
35965273	PMC9376183	10.1038/s41467-022-32543-2	2022	Nat Commun	PKD1 and PKD2 mRNA cis-inhibition drives polycystic kidney disease progression.	Lakhia R	Q1_splice_noncoding;Q2_adpkd_functional
35965521	PMC9372454	10.3389/fonc.2022.871281	2022	Front Oncol	Lnc-PKD2-2-3/miR-328/GPAM ceRNA Network Induces Cholangiocarcinoma Proliferation, Invasion and 5-FU Chemoresistance.	Zhang L	Q1_splice_noncoding
36000373		10.3760/cma.j.cn112137-20220322-00610	2022	Zhonghua Yi Xue Za Zhi	[Analysis of PKD1 gene mutation in a pedigree affected with autosomal dominant polycystic kidney disease].	Chen DN	Q1_splice_noncoding
36029107	PMC10947153	10.1111/cge.14214	2022	Clin Genet	A common intronic single nucleotide variant modifies PKD1 expression level.	Zhang Z	Q1_splice_noncoding;Q2_adpkd_functional
36299464	PMC9589111	10.3389/fendo.2022.1005639	2022	Front Endocrinol (Lausanne)	Involvement of ceramide biosynthesis in increased extracellular vesicle release in Pkd1 knock out cells.	Carotti V	Q2_adpkd_functional
36303074	PMC7613830	10.1038/s41588-022-01202-z	2022	Nat Genet	Adult human kidney organoids originate from CD24(+) cells and represent an advanced model for adult polycystic kidney disease.	Xu Y	Q2_adpkd_functional
36422197	PMC9692281	10.3390/medicina58111657	2022	Medicina (Kaunas)	Identification and Characterization of Novel Mutations in Chronic Kidney Disease (CKD) and Autosomal Dominant Polycystic Kidney Disease (ADPKD) in Saudi Subjects by Whole-Exome Sequencing.	Alzahrani OR	Q1_splice_noncoding;Q2_adpkd_functional
36538546	PMC9767353	10.1371/journal.pone.0279337	2022	PLoS One	miR-20a is upregulated in serum from domestic feline with PKD1 mutation.	Scalon MC	Q1_splice_noncoding
33039594	PMC7810170	10.1016/j.bbadis.2020.165987	2021	Biochim Biophys Acta Mol Basis Dis	Pancreas-specific deletion of protein kinase D attenuates inflammation, necrosis, and severity of acute pancreatitis.	Yuan J	Q1_splice_noncoding
33707295	PMC8051682	10.1523/JNEUROSCI.0975-20.2021	2021	J Neurosci	Loxhd1 Mutations Cause Mechanotransduction Defects in Cochlear Hair Cells.	Trouillet A	Q1_splice_noncoding
33809516	PMC7998154	10.3390/ijms22063014	2021	Int J Mol Sci	Non-Coding RNAs in Hereditary Kidney Disorders.	Zhou JX	Q1_splice_noncoding
33811288		10.1007/s12072-021-10176-9	2021	Hepatol Int	Predicting liver cyst severity by mutations in patients with autosomal-dominant polycystic kidney disease.	Kataoka H	Q1_splice_noncoding
34101167		10.1111/cge.14008	2021	Clin Genet	PKD2 gene variants in Chinese patients with autosomal dominant polycystic kidney disease.	Xu D	Q1_splice_noncoding
34162733	PMC8722786	10.1681/ASN.2021010101	2021	J Am Soc Nephrol	Integrative Cistromic and Transcriptomic Analyses Identify CREB Target Genes in Cystic Renal Epithelial Cells.	Liu Z	Q2_adpkd_functional
34210974	PMC8249388	10.1038/s41467-021-24295-2	2021	Nat Commun	Fluid flow-induced left-right asymmetric decay of Dand5 mRNA in the mouse embryo requires a Bicc1-Ccr4 RNA degradation complex.	Minegishi K	Q1_splice_noncoding
34301992	PMC8302622	10.1038/s41598-021-94442-8	2021	Sci Rep	Identification of pathological transcription in autosomal dominant polycystic kidney disease epithelia.	Friedrich S	Q1_splice_noncoding;Q2_adpkd_functional
34351869	PMC8351688	10.18632/aging.203391	2021	Aging (Albany NY)	Correction for: Silencing of long non-coding RNA H19 downregulates CTCF to protect against atherosclerosis by upregulating PKD1 expression in ApoE knockout mice.	Yang Y	Q1_splice_noncoding
34521872	PMC8440558	10.1038/s41598-021-97046-4	2021	Sci Rep	Cystin genetic variants cause autosomal recessive polycystic kidney disease associated with altered Myc expression.	Yang C	Q2_adpkd_functional
34531379	PMC8446035	10.1038/s41467-021-25464-z	2021	Nat Commun	Bicc1 and Dicer regulate left-right patterning through post-transcriptional control of the Nodal inhibitor Dand5.	Maerker M	Q1_splice_noncoding
34542828		10.1007/s11596-021-2436-9	2021	Curr Med Sci	A Presumed Synonymous Mutation of PKD2 Caused Autosomal Dominant Polycystic Kidney Disease in a Chinese Family.	Deng LX	Q1_splice_noncoding
34573383	PMC8471884	10.3390/genes12091401	2021	Genes (Basel)	Whole Exome Sequencing in a Series of Patients with a Clinical Diagnosis of Tuberous Sclerosis Not Confirmed by Targeted TSC1/TSC2 Sequencing.	Kovesdi E	Q2_adpkd_functional
34611276	PMC8492864	10.1038/s41598-021-99366-x	2021	Sci Rep	Ppia is the most stable housekeeping gene for qRT-PCR normalization in kidneys of three Pkd1-deficient mouse models.	Muñoz JJ	Q1_splice_noncoding
34716216	PMC8638386	10.1681/ASN.2021050690	2021	J Am Soc Nephrol	Detection of PKD1 and PKD2 Somatic Variants in Autosomal Dominant Polycystic Kidney Cyst Epithelial Cells by Whole-Genome Sequencing.	Zhang Z	Q1_splice_noncoding
34815804	PMC8581434	10.7150/thno.57220	2021	Theranostics	Heterogeneity of cell composition and origin identified by single-cell transcriptomics in renal cysts of patients with autosomal dominant polycystic kidney disease.	Li Q	Q2_adpkd_functional
34858418	PMC8630707	10.3389/fimmu.2021.765382	2021	Front Immunol	An Oxidative Stress-Related Gene Pair (CCNB1/PKD1), Competitive Endogenous RNAs, and Immune-Infiltration Patterns Potentially Regulate Intervertebral Disc Degeneration Development.	Cao S	Q1_splice_noncoding
31730820		10.1016/j.cca.2019.10.040	2020	Clin Chim Acta	28 novel mutations identified from 33 Chinese patients with cilia-related kidney disorders.	Liang N	Q1_splice_noncoding
31874209	PMC8154103	10.1016/j.cellsig.2019.109509	2020	Cell Signal	Epigenetics and cell cycle regulation in cystogenesis.	Li X	Q1_splice_noncoding
31879244	PMC7000333	10.1016/j.ebiom.2019.11.046	2020	EBioMedicine	Prioritization of novel ADPKD drug candidates from disease-stage specific gene expression profiles.	Malas TB	Q2_adpkd_functional
31948117	PMC7019244	10.3390/jcm9010146	2020	J Clin Med	Prediction of Renal Prognosis in Patients with Autosomal Dominant Polycystic Kidney Disease Using PKD1/PKD2 Mutations.	Kataoka H	Q1_splice_noncoding
31982550	PMC7183876	10.1016/j.cellsig.2020.109548	2020	Cell Signal	Modulation of polycystic kidney disease by non-coding RNAs.	Ramalingam H	Q1_splice_noncoding
32068086	PMC7183897	10.1016/j.cellsig.2020.109568	2020	Cell Signal	Role of transcription factor hepatocyte nuclear factor-1β in polycystic kidney disease.	Shao A	Q1_splice_noncoding
32182218	PMC7205276	10.1172/jci.insight.133785	2020	JCI Insight	Interstitial microRNA miR-214 attenuates inflammation and polycystic kidney disease progression.	Lakhia R	Q1_splice_noncoding
32381729		10.1136/jmedgenet-2019-106633	2020	J Med Genet	Autosomal dominant polycystic kidney disease in absence of renal cyst formation illustrates genetic interaction between WT1 and PKD1.	Münch J	Q1_splice_noncoding
32384474	PMC7440223	10.1097/MD.0000000000020071	2020	Medicine (Baltimore)	Comprehensive analysis of mutations of renal cell carcinoma in an autosomal dominant polycystic kidney disease patient.	Shim KE	Q2_adpkd_functional
32495507		10.1002/mc.23229	2020	Mol Carcinog	Hepatocyte nuclear factor-1β suppresses the stemness and migration of colorectal cancer cells through promoting miR-200b activity.	Wang Y	Q1_splice_noncoding
32622528		10.1016/j.kint.2020.02.008	2020	Kidney Int	Global microRNA profiling in human urinary exosomes reveals novel disease biomarkers and cellular pathways for autosomal dominant polycystic kidney disease.	Magayr TA	Q2_adpkd_functional
32724471	PMC7381742	10.7150/thno.47315	2020	Theranostics	RNA helicase p68 inhibits the transcription and post-transcription of Pkd1 in ADPKD.	Zhang L	Q1_splice_noncoding
32823016		10.1016/j.mrfmmm.2020.111718	2020	Mutat Res	Mutational screening of PKD1 and PKD2 in Indian ADPKD patients identified 95 genetic variants.	Raj S	Q1_splice_noncoding
33097077	PMC7585303	10.1186/s13023-020-01585-4	2020	Orphanet J Rare Dis	Novel GANAB variants associated with polycystic liver disease.	van de Laarschot LFM	Q2_adpkd_functional
33138224	PMC7692632	10.3390/ph13110354	2020	Pharmaceuticals (Basel)	IGF1R and MAPK15 Emerge as Potential Targets of Pentabromobenzylisothioureas in Lung Neuroendocrine Neoplasms.	Motylewska E	Q1_splice_noncoding
33178869	PMC7603252	10.29252/rbmb.9.2.193	2020	Rep Biochem Mol Biol	Methylation of the PKD1 Promoter Inversely Correlates with its Expression in Autosomal Dominant Polycystic Kidney Disease.	Hajirezaei F	Q1_splice_noncoding
33319200	PMC7729224	10.1016/j.xkme.2020.06.013	2020	Kidney Med	MicroRNAs and Polycystic Kidney Disease.	Li D	Q1_splice_noncoding
29633482		10.1111/nep.13270	2019	Nephrology (Carlton)	Identification of novel mutations and risk assessment of Han Chinese patients with autosomal dominant polycystic kidney disease.	Zhang M	Q1_splice_noncoding
30388220	PMC6381314	10.1093/hmg/ddy379	2019	Hum Mol Genet	c-Myc is a regulator of the PKD1 gene and PC1-induced pathogenesis.	Parrot C	Q1_splice_noncoding
30617278		10.1038/s10038-018-0550-8	2019	J Hum Genet	A rare deep intronic mutation of PKHD1 gene, c.8798-459 C > A, causes autosomal recessive polycystic kidney disease by pseudoexon activation.	Chen J	Q2_adpkd_functional
30841931	PMC6404326	10.1186/s13046-019-1118-y	2019	J Exp Clin Cancer Res	Protein kinase Ds promote tumor angiogenesis through mast cell recruitment and expression of angiogenic factors in prostate cancer microenvironment.	Xu W	Q1_splice_noncoding
30905070		10.1002/bit.26976	2019	Biotechnol Bioeng	Synthesis of polyketides from low cost substrates by the thermotolerant yeast Kluyveromyces marxianus.	McTaggart TL	Q1_splice_noncoding
30928102	PMC6467730	10.1016/j.bbrc.2019.03.099	2019	Biochem Biophys Res Commun	A PKD1L3 splice variant in taste buds is not cleaved at the G protein-coupled receptor proteolytic site.	Kashyap P	Q1_splice_noncoding;Q2_adpkd_functional
31059014	PMC6561618	10.3892/ijo.2019.4798	2019	Int J Oncol	lnc-PKD2-2-3, identified by long non-coding RNA expression profiling, is associated with pejorative tumor features and poor prognosis, enhances cancer stemness and may serve as cancer stem-cell marker in cholangiocarcinoma.	Qiu G	Q1_splice_noncoding
31065378	PMC6488776	10.1177/2054358119839080	2019	Can J Kidney Health Dis	Infectious Disease Risk in Dialysis Patients: A Transdisciplinary Approach.	Lamarche C	Q2_adpkd_functional
31186083	PMC6675246	10.5483/BMBRep.2019.52.7.112	2019	BMB Rep	Expression and secretion of CXCL12 are enhanced in autosomal dominant polycystic kidney disease.	Kim H	Q2_adpkd_functional
31303547	PMC6731150	10.1016/j.stem.2019.06.009	2019	Cell Stem Cell	Generation of Human PSC-Derived Kidney Organoids with Patterned Nephron Segments and a De Novo Vascular Network.	Low JH	Q2_adpkd_functional
31384335	PMC6639980	10.3892/etm.2019.7693	2019	Exp Ther Med	Co-segregation of candidate polymorphism rs201204878 of the PKD1 gene in a large Iranian family with autosomal dominant polycystic disease.	Ranjzad F	Q1_splice_noncoding
31396588	PMC6687066	10.1016/j.gene.2019.100007	2019	Gene X	Cux1 regulation of the cyclin kinase inhibitor p27(kip1) in polycystic kidney disease is attenuated by HDAC inhibitors.	Livingston S	Q1_splice_noncoding
31492751	PMC6816101	10.1074/jbc.RA119.010152	2019	J Biol Chem	Protein kinase D up-regulates transcription of VEGF receptor-2 in endothelial cells by suppressing nuclear localization of the transcription factor AP2β.	Wang Y	Q1_splice_noncoding
31757932	PMC6914395	10.18632/aging.102388	2019	Aging (Albany NY)	Silencing of long non-coding RNA H19 downregulates CTCF to protect against atherosclerosis by upregulating PKD1 expression in ApoE knockout mice.	Yang Y	Q1_splice_noncoding
34531000		10.1016/j.gene.2019.100007	2019	Gene	Cux1 regulation of the cyclin kinase inhibitor p27(kip1) in polycystic kidney disease is attenuated by HDAC inhibitors.	Livingston S	Q1_splice_noncoding
29380239		10.1007/s11010-018-3286-z	2018	Mol Cell Biochem	VEGF/PKD-1 signaling mediates arteriogenic gene expression and angiogenic responses in reversible human microvascular endothelial cells with extended lifespan.	Best B	Q1_splice_noncoding
29475398		10.1096/fj.201700923R	2018	FASEB J	Regulation of KLF12 by microRNA-20b and microRNA-106a in cystogenesis.	Shin Y	Q1_splice_noncoding;Q2_adpkd_functional
29529603		10.1159/000487899	2018	Kidney Blood Press Res	Novel Mutations in the PKD1 and PKD2 Genes of Chinese Patients with Autosomal Dominant Polycystic Kidney Disease.	Xu D	Q1_splice_noncoding
29716997	PMC6005429	10.1074/jbc.RA118.001723	2018	J Biol Chem	Long noncoding RNA Hoxb3os is dysregulated in autosomal dominant polycystic kidney disease and regulates mTOR signaling.	Aboudehen K	Q1_splice_noncoding
29779890	PMC5984728	10.1016/j.stem.2018.04.022	2018	Cell Stem Cell	High-Throughput Screening Enhances Kidney Organoid Differentiation from Human Pluripotent Stem Cells and Enables Automated Multidimensional Phenotyping.	Czerniecki SM	Q2_adpkd_functional
29860066		10.1016/j.gene.2018.05.112	2018	Gene	Mutational analysis in patients with Autosomal Dominant Polycystic Kidney Disease (ADPKD): Identification of five mutations in the PKD1 gene.	Abdelwahed M	Q1_splice_noncoding
29901136	PMC6072222	10.3892/mmr.2018.9128	2018	Mol Med Rep	Comprehensive evaluation of differential lncRNA and gene expression in patients with intervertebral disc degeneration.	Qu Z	Q1_splice_noncoding
29986647	PMC6038307	10.1186/s12864-018-4892-6	2018	BMC Genomics	Novel long-range regulatory mechanisms controlling PKD2 gene expression.	Moisan S	Q1_splice_noncoding
30042192	PMC6065086	10.1681/ASN.2017080878	2018	J Am Soc Nephrol	Somatic Mutations in Renal Cyst Epithelium in Autosomal Dominant Polycystic Kidney Disease.	Tan AY	Q1_splice_noncoding
30185468	PMC6171280	10.1681/ASN.2018040442	2018	J Am Soc Nephrol	Human-Specific Abnormal Alternative Splicing of Wild-Type PKD1 Induces Premature Termination of Polycystin-1.	Lea WA	Q1_splice_noncoding
30217143	PMC6137742	10.1186/s12864-018-5053-7	2018	BMC Genomics	Identification, characterization and expression analysis of transient receptor potential channel genes in the oriental fruit fly, Bactrocera dorsalis.	Su HA	Q1_splice_noncoding
30372813		10.1016/j.biopha.2018.07.178	2018	Biomed Pharmacother	Comparative transcriptomics of shear stress treated Pkd1(-/-) cells and pre-cystic kidneys reveals pathways involved in early polycystic kidney disease.	Kunnen SJ	Q2_adpkd_functional
30375624		10.1039/c8fo01481g	2018	Food Funct	Olive leaf extract counteracts cell proliferation and cyst growth in an in vitro model of autosomal dominant polycystic kidney disease.	Toteda G 	Q1_splice_noncoding
30419840	PMC6233608	10.1186/s12885-018-4965-6	2018	BMC Cancer	Analysis of oncogenic activities of protein kinase D1 in head and neck squamous cell carcinoma.	Zhang L	Q1_splice_noncoding
30424739	PMC6234645	10.1186/s12881-018-0706-6	2018	BMC Med Genet	A novel splicing mutation in the PKD1 gene causes autosomal dominant polycystic kidney disease in a Chinese family: a case report.	Xu P	Q1_splice_noncoding
27434427	PMC5297870	10.1111/ajt.13970	2017	Am J Transplant	Screening of Living Kidney Donors for Genetic Diseases Using a Comprehensive Genetic Testing Strategy.	Thomas CP	Q1_splice_noncoding
27577987	PMC5937546	10.1002/pbc.26197	2017	Pediatr Blood Cancer	Novel association of familial testicular germ cell tumor and autosomal dominant polycystic kidney disease with PKD1 mutation.	Truscott L	Q1_splice_noncoding;Q2_adpkd_functional
27699453	PMC11107574	10.1007/s00018-016-2394-8	2017	Cell Mol Life Sci	Mechanosensor polycystin-1 potentiates differentiation of human osteoblastic cells by upregulating Runx2 expression via induction of JAK2/STAT3 signaling axis.	Dalagiorgou G	Q1_splice_noncoding
28186980	PMC5410244	10.18632/oncotarget.15123	2017	Oncotarget	Diet-induced obesity links to ER positive breast cancer progression via LPA/PKD-1-CD36 signaling-mediated microvascular remodeling.	Dong L	Q1_splice_noncoding
28244683	PMC5543471	10.1111/jcmm.13091	2017	J Cell Mol Med	Rapamycin treatment dose-dependently improves the cystic kidney in a new ADPKD mouse model via the mTORC1 and cell-cycle-associated CDK1/cyclin axis.	Li A	Q1_splice_noncoding
28578020		10.1016/j.gene.2017.05.046	2017	Gene	Pathogenicity analysis of novel variations in Chinese Han patients with polycystic kidney disease.	Fang Z	Q1_splice_noncoding
28745435		10.1002/cm.21387	2017	Cytoskeleton (Hoboken)	MAPK-15 is a ciliary protein required for PKD-2 localization and male mating behavior in Caenorhabditis elegans.	Piasecki BP	Q1_splice_noncoding
28769124	PMC5541071	10.1038/s41598-017-07300-x	2017	Sci Rep	Metformin Inhibits Cyst Formation in a Zebrafish Model of Polycystin-2 Deficiency.	Chang MY	Q1_splice_noncoding
28792715		10.7754/Clin.Lab.2017.170209	2017	Clin Lab	Mutational Screening of PKD1 and PKD2 Genes in Iranian Population Diagnosed with Autosomal Dominant Polycystic Kidney Disease.	Ranjzad F	Q1_splice_noncoding
28956260		10.1007/s12031-017-0954-5	2017	J Mol Neurosci	Expression and Function of hsa-miR-6165 in Human Cell Lines and During the NT2 Cell Neural Differentiation Process.	Hassanlou M	Q1_splice_noncoding
28973148		10.1093/hmg/ddx349	2017	Hum Mol Genet	A constitutive BCL2 down-regulation aggravates the phenotype of PKD1-mutant-induced polycystic kidney disease.	Duplomb L	Q1_splice_noncoding;Q2_adpkd_functional
29211809	PMC5718516	10.1371/journal.pone.0189156	2017	PLoS One	Down-regulation of the klf5-c-Myc interaction due to klf5 phosphorylation mediates resveratrol repressing the caveolin-1 transcription through the PI3K/PKD1/Akt pathway.	Yang H	Q1_splice_noncoding
29218111	PMC5714797		2017	Am J Transl Res	The diagnostic value of microRNA-4787-5p and microRNA-4306 in patients with acute aortic dissection.	Wang L	Q1_splice_noncoding
26677864	PMC4978047	10.1681/ASN.2015060634	2016	J Am Soc Nephrol	MicroRNA-21 Aggravates Cyst Growth in a Model of Polycystic Kidney Disease.	Lakhia R	Q2_adpkd_functional
26692149		10.1016/j.gene.2015.12.019	2016	Gene	Three exonic mutations in polycystic kidney disease-2 gene (PKD2) alter splicing of its pre-mRNA in a minigene system.	Gonzalez-Paredes FJ	Q1_splice_noncoding;Q2_adpkd_functional
26718059		10.1016/j.cancergen.2015.11.002	2016	Cancer Genet	Papillary renal cell carcinoma with a somatic mutation in MET in a patient with autosomal dominant polycystic kidney disease.	Zhang W	Q2_adpkd_functional
26764245	PMC4942245	10.1002/pros.23116	2016	Prostate	Cell line modeling to study biomarker panel in prostate cancer.	NickKholgh B	Q1_splice_noncoding
26795455		10.1016/j.bbamcr.2016.01.006	2016	Biochim Biophys Acta	Histone demethylase Jmjd3 regulates osteoblast apoptosis through targeting anti-apoptotic protein Bcl-2 and pro-apoptotic protein Bim.	Yang D	Q1_splice_noncoding
26839368	PMC5004656	10.1681/ASN.2015070836	2016	J Am Soc Nephrol	Far Upstream Element-Binding Protein 1 Binds the 3' Untranslated Region of PKD2 and Suppresses Its Translation.	Zheng W	Q1_splice_noncoding;Q2_adpkd_functional
26984954		10.1152/ajprenal.00428.2015	2016	Am J Physiol Renal Physiol	The C-terminal tail of polycystin-1 regulates complement factor B expression by signal transducer and activator of transcription 1.	Wu M	Q1_splice_noncoding
27068334		10.1007/s00210-016-1243-5	2016	Naunyn Schmiedebergs Arch Pharmacol	Glucoregulatory, endocrine and morphological effects of [P5K]hymenochirin-1B in mice with diet-induced glucose intolerance and insulin resistance.	Owolabi BO	Q1_splice_noncoding
27079378	PMC4832559	10.1186/s12864-016-2608-3	2016	BMC Genomics	Screening of whole genome sequences identified high-impact variants for stallion fertility.	Schrimpf R	Q1_splice_noncoding
27190311	PMC5181316	10.1093/jmcb/mjw022	2016	J Mol Cell Biol	A cAMP and CREB-mediated feed-forward mechanism regulates GSK3β in polycystic kidney disease.	Kakade VR	Q1_splice_noncoding
27294413	PMC4896275	10.1186/s40246-016-0063-5	2016	Hum Genomics	Human genome meeting 2016 : Houston, TX, USA. 28 February - 2 March 2016.	Srivastava AK	Q2_adpkd_functional
27616478	PMC5065643	10.1016/j.ajhg.2016.07.011	2016	Am J Hum Genet	Bi-allelic Mutations in PKD1L1 Are Associated with Laterality Defects in Humans.	Vetrini F	Q1_splice_noncoding
27649783	PMC5030668	10.1038/srep33758	2016	Sci Rep	The PRKD1 promoter is a target of the KRas-NF-κB pathway in pancreatic cancer.	Döppler H	Q1_splice_noncoding
27784066		10.1167/iovs.16-20279	2016	Invest Ophthalmol Vis Sci	TRPV2 Channels Contribute to Stretch-Activated Cation Currents and Myogenic Constriction in Retinal Arterioles.	McGahon MK	Q1_splice_noncoding
27984604		10.3760/cma.j.issn.1003-9406.2016.06.007	2016	Zhonghua Yi Xue Yi Chuan Xue Za Zhi	[Identification of a novel splicing mutation of PKD1 gene in a pedigree affected with autosomal dominant polycystic kidney disease].	Xu P	Q1_splice_noncoding
25123959		10.1002/ijc.29140	2015	Int J Cancer	Polycystin-1 and polycystin-2 are involved in the acquisition of aggressive phenotypes in colorectal cancer.	Gargalionis AN	Q1_splice_noncoding
25753731	PMC4515139	10.1002/pros.22984	2015	Prostate	Novel In Vivo model for combinatorial fluorescence labeling in mouse prostate.	Fang X	Q1_splice_noncoding
25757501	PMC4615196	10.1080/15476286.2015.1014291	2015	RNA Biol	Splicing defects caused by exonic mutations in PKD1 as a new mechanism of pathogenesis in autosomal dominant polycystic kidney disease.	Claverie-Martin F	Q1_splice_noncoding;Q2_adpkd_functional
25821920		10.3109/19396368.2015.1022835	2015	Syst Biol Reprod Med	Sperm mRNAs and microRNAs as candidate markers for the impact of toxicants on human spermatogenesis: an application to tobacco smoking.	Metzler-Guillemain C	Q1_splice_noncoding
26018553	PMC4600025	10.1002/jcb.25238	2015	J Cell Biochem	Nuclear Localization Signal and p53 Binding Site in MAP/ERK Kinase Kinase 1 (MEKK1).	Chipps E	Q1_splice_noncoding
26113112	PMC6381870	10.1159/000430986	2015	J Vasc Res	Pioglitazone Identifies a New Target for Aneurysm Treatment: Role of Egr1 in an Experimental Murine Model of Aortic Aneurysm.	Charolidi N	Q1_splice_noncoding
26137861	PMC4537692	10.1161/CIRCRESAHA.114.305393	2015	Circ Res	Angiotensin II Induces Skeletal Muscle Atrophy by Activating TFEB-Mediated MuRF1 Expression.	Du Bois P	Q1_splice_noncoding
26230914	PMC4839478	10.1111/jnc.13261	2015	J Neurochem	Molecular cloning, epigenetic regulation, and functional characterization of Prkd1 gene promoter in dopaminergic cell culture models of Parkinson's disease.	Ay M	Q1_splice_noncoding
26247049	PMC4521968	10.1002/mgg3.145	2015	Mol Genet Genomic Med	Splicing analysis for exonic and intronic mismatch repair gene variants associated with Lynch syndrome confirms high concordance between minigene assays and patient RNA analyses.	van der Klift HM	Q1_splice_noncoding
26292219	PMC4598991	10.1074/jbc.M115.670646	2015	J Biol Chem	Transcription Factor Hepatocyte Nuclear Factor-1β (HNF-1β) Regulates MicroRNA-200 Expression through a Long Noncoding RNA.	Hajarnis SS	Q1_splice_noncoding
26365342		10.1016/j.cellsig.2015.09.007	2015	Cell Signal	Scaffold protein enigma homolog activates CREB whereas a short splice variant prevents CREB activation in cardiomyocytes.	Ito J	Q1_splice_noncoding
26502994	PMC4621500	10.1038/srep15752	2015	Sci Rep	Acid-induced off-response of PKD2L1 channel in Xenopus oocytes and its regulation by Ca(2.).	Hussein S	Q1_splice_noncoding
26632257	PMC4668380	10.1038/srep17468	2015	Sci Rep	Identification of novel PKD1 and PKD2 mutations in a Chinese population with autosomal dominant polycystic kidney disease.	Liu B	Q1_splice_noncoding
23503467		10.1038/onc.2013.43	2014	Oncogene	A novel splice variant of calcium and integrin-binding protein 1 mediates protein kinase D2-stimulated tumour growth by regulating angiogenesis.	Armacki M	Q1_splice_noncoding
24374109	PMC3937536	10.1016/j.jmoldx.2013.10.005	2014	J Mol Diagn	Molecular diagnosis of autosomal dominant polycystic kidney disease using next-generation sequencing.	Tan AY	Q1_splice_noncoding
24575920		10.3109/0886022X.2014.890010	2014	Ren Fail	Two novel mutations affecting the same splice site of PKD1 correlate with different phenotypes in ADPKD.	Yu C	Q1_splice_noncoding
24700876	PMC4178429	10.1681/ASN.2013040421	2014	J Am Soc Nephrol	Phosphodiesterase 1A modulates cystogenesis in zebrafish.	Sussman CR	Q1_splice_noncoding
24907393		10.1016/j.gene.2014.06.004	2014	Gene	Defective pre-mRNA splicing in PKD1 due to presumed missense and synonymous mutations causing autosomal dominant polycystic disease.	Gonzalez-Paredes FJ	Q1_splice_noncoding;Q2_adpkd_functional
24984783	PMC4197071	10.1007/s00109-014-1185-7	2014	J Mol Med (Berl)	Intragenic motifs regulate the transcriptional complexity of Pkhd1/PKHD1.	Boddu R	Q2_adpkd_functional
25173570		10.1016/j.ygeno.2014.08.006	2014	Genomics	Characterization of the polycystic kidney disease 2 gene promoter.	Wang Q	Q1_splice_noncoding
25396746	PMC4232524	10.1371/journal.pone.0112946	2014	PLoS One	The Arabidopsis PLAT domain protein1 is critically involved in abiotic stress tolerance.	Hyun TK	Q1_splice_noncoding
23212942		10.1002/pmic.201200248	2013	Proteomics	N-myc downstream-regulated gene 1 is involved in the regulation of cystogenesis in transgenic mice overexpressing human PKD2 gene.	Kim BH	Q1_splice_noncoding
23252604		10.3109/10799893.2012.752005	2013	J Recept Signal Transduct Res	Lysophosphatidic acid-stimulated phosphorylation of PKD2 is mediated by PI3K p110β and PKCδ in myoblasts.	Lynch CM	Q1_splice_noncoding
23291746		10.1271/bbb.120484	2013	Biosci Biotechnol Biochem	Molecular characterization of a lipoxygenase from the basidiomycete mushroom Pleurotus ostreatus.	Tasaki Y	Q1_splice_noncoding
23315160		10.1007/s11248-012-9686-z	2013	Transgenic Res	Construction of a transgenic pig model overexpressing polycystic kidney disease 2 (PKD2) gene.	He J	Q1_splice_noncoding
23326503	PMC3542345	10.1371/journal.pone.0053780	2013	PLoS One	Parallel analysis of mRNA and microRNA microarray profiles to explore functional regulatory patterns in polycystic kidney disease: using PKD/Mhm rat model.	Dweep H	Q1_splice_noncoding
23759744	PMC3696812	10.1073/pnas.1301693110	2013	Proc Natl Acad Sci U S A	miR-17~92 miRNA cluster promotes kidney cyst growth in polycystic kidney disease.	Patel V	Q1_splice_noncoding
23837983			2013	Xi Bao Yu Fen Zi Mian Yi Xue Za Zhi	[Preparation and characterization of a polyclonal antibody against mouse NH2;-terminal domain of polycystin-1].	Liu H	Q1_splice_noncoding
23944680	PMC3856925	10.1586/14737140.2013.816460	2013	Expert Rev Anticancer Ther	Protein kinase D isoforms: new targets for therapy in invasive breast cancers?	Borges S	Q1_splice_noncoding
23970783	PMC5398594	10.1210/en.2013-1376	2013	Endocrinology	Protein kinase D1 is essential for bone acquisition during pubertal growth.	Ford JJ	Q1_splice_noncoding
23971832	PMC4052945	10.1186/bcr3460	2013	Breast Cancer Res	Pharmacologic reversion of epigenetic silencing of the PRKD1 promoter blocks breast tumor cell invasion and metastasis.	Borges S	Q1_splice_noncoding
23985799		10.1038/jhg.2013.91	2013	J Hum Genet	Novel PKD1 and PKD2 mutations in Taiwanese patients with autosomal dominant polycystic kidney disease.	Chang MY	Q1_splice_noncoding
23985800		10.1096/fj.13-236075	2013	FASEB J	Translational up-regulation of polycystic kidney disease protein PKD2 by endoplasmic reticulum stress.	Yang J	Q1_splice_noncoding
24358217	PMC3865105	10.1371/journal.pone.0082702	2013	PLoS One	Alternative splicing events is not a key event for gene expression regulation in uremia.	Sallée M	Q1_splice_noncoding;Q2_adpkd_functional
22031115	PMC4105019	10.1038/ki.2011.370	2012	Kidney Int	A missense mutation in PKD1 attenuates the severity of renal disease.	Pei Y	Q1_splice_noncoding
22276203	PMC3262827	10.1371/journal.pone.0030459	2012	PLoS One	Protein kinase D1 maintains the epithelial phenotype by inducing a DNA-bound, inactive SNAI1 transcriptional repressor complex.	Bastea LI	Q1_splice_noncoding
22383692	PMC3338301	10.1681/ASN.2011101032	2012	J Am Soc Nephrol	Identification of gene mutations in autosomal dominant polycystic kidney disease through targeted resequencing.	Rossetti S	Q1_splice_noncoding;Q2_adpkd_functional
22411058		10.1002/cbf.2795	2012	Cell Biochem Funct	PKHD1 post-transcriptionally modulated by miR-365-1 inhibits cell-cell adhesion.	Duan J	Q2_adpkd_functional
22449707		10.5483/BMBRep.2012.45.3.189	2012	BMB Rep	Mxi1 influences cyst formation in three-dimensional cell culture.	Yook YJ	Q1_splice_noncoding
22558167	PMC3338703	10.1371/journal.pone.0035561	2012	PLoS One	Experimental verification of a predicted intronic microRNA in human NGFR gene with a potential pro-apoptotic function.	Parsi S	Q1_splice_noncoding
22608885	PMC3391417	10.1016/j.jmoldx.2012.02.007	2012	J Mol Diagn	A novel long-range PCR sequencing method for genetic analysis of the entire PKD1 gene.	Tan YC	Q1_splice_noncoding
22797919	PMC4074284	10.1242/jcs.106542	2012	J Cell Sci	PKD2 and PKD3 promote prostate cancer cell invasion by modulating NF-κB- and HDAC1-mediated expression and activation of uPA.	Zou Z	Q1_splice_noncoding
22928050	PMC3426515	10.1371/journal.pone.0043970	2012	PLoS One	Interleukin-1 receptor-associated kinase 2- and protein kinase D1-dependent regulation of IRAK-monocyte expression by CpG DNA.	Kim YI	Q1_splice_noncoding
23138483	PMC3507362	10.1681/ASN.2012030321	2012	J Am Soc Nephrol	MicroRNAs regulate renal tubule maturation through modulation of Pkd1.	Patel V	Q1_splice_noncoding
23199880		10.1016/j.margen.2012.02.003	2012	Mar Genomics	Tracking the elusive monophyly of nototheniid fishes (Teleostei) with multiple mitochondrial and nuclear markers.	Dettai A	Q1_splice_noncoding
23251465	PMC3522678	10.1371/journal.pone.0051242	2012	PLoS One	Phosphorylation of SET protein at Ser171 by protein kinase D2 diminishes its inhibitory effect on protein phosphatase 2A.	Irie A	Q1_splice_noncoding
20943764	PMC3023226	10.1152/ajprenal.00349.2010	2011	Am J Physiol Renal Physiol	Expression and distribution of transient receptor potential (TRP) channels in bladder epithelium.	Yu W	Q1_splice_noncoding
20950398		10.1111/j.1399-0004.2010.01555.x	2011	Clin Genet	Aberrant PKD2 splicing due to a presumed novel missense mutation in autosomal-dominant polycystic kidney disease.	Tan YC	Q1_splice_noncoding;Q2_adpkd_functional
21518438	PMC3111376	10.1186/1752-0509-5-56	2011	BMC Syst Biol	Systems biology approach to identify transcriptome reprogramming and candidate microRNA targets during the progression of polycystic kidney disease.	Pandey P	Q1_splice_noncoding
21547488	PMC11498569	10.1007/s10571-011-9699-9	2011	Cell Mol Neurobiol	Differential display RT-PCR reveals genes associated with lithium-induced neuritogenesis in SK-N-MC cells.	Italia J	Q1_splice_noncoding
21614130	PMC3094399	10.1371/journal.pone.0019694	2011	PLoS One	Renal cystic disease proteins play critical roles in the organization of the olfactory epithelium.	Pluznick JL	Q1_splice_noncoding
21945688		10.1016/j.gene.2011.08.027	2011	Gene	Identification of porcine polycystic kidney disease 1 (PKD1) gene: molecular cloning, expression profile, and implication in disease model.	He J	Q1_splice_noncoding
21983717		10.3760/cma.j.issn.1003-9406.2011.05.002	2011	Zhonghua Yi Xue Yi Chuan Xue Za Zhi	[Identification of mutations in PKD1 and PKD2 genes in two Chinese families with autosomal dominant polycystic kidney disease].	Yu CW	Q1_splice_noncoding
22037305	PMC3458651	10.1016/j.visres.2011.10.009	2011	Vision Res	TRP channel gene expression in the mouse retina.	Gilliam JC	Q1_splice_noncoding
22185115	PMC3341574	10.1186/1471-2350-12-164	2011	BMC Med Genet	Identification of novel mutations in Chinese Hans with autosomal dominant polycystic kidney disease.	Yu C	Q1_splice_noncoding
19821056		10.1007/s11033-009-9861-3	2010	Mol Biol Rep	MicroRNA-17 post-transcriptionally regulates polycystic kidney disease-2 gene and promotes cell proliferation.	Sun H	Q1_splice_noncoding;Q2_adpkd_functional
20215348	PMC2835326	10.1242/dev.046045	2010	Development	The RNA-binding protein bicaudal C regulates polycystin 2 in the kidney by antagonizing miR-17 activity.	Tran U	Q1_splice_noncoding;Q2_adpkd_functional
20388565	PMC2893251	10.1016/j.bbagrm.2010.04.001	2010	Biochim Biophys Acta	Mechanisms of p53-mediated repression of the human polycystic kidney disease-1 promoter.	van Bodegom D	Q1_splice_noncoding
20674666		10.1016/j.mce.2010.07.022	2010	Mol Cell Endocrinol	Protein kinase D activation stimulates the transcription of the insulin receptor gene.	Zhang H	Q1_splice_noncoding
20732914		10.1136/gut.2009.206813	2010	Gut	Protein kinase D2 is a crucial regulator of tumour cell-endothelial cell communication in gastrointestinal tumours.	Azoitei N	Q1_splice_noncoding
20814903		10.1002/path.2765	2010	J Pathol	Progressive renal distortion by multiple cysts in transgenic mice expressing artificial microRNAs against Pkd1.	Wang E	Q1_splice_noncoding
20923779	PMC2998141	10.1074/jbc.M110.145284	2010	J Biol Chem	MAP/ERK kinase kinase 1 (MEKK1) mediates transcriptional repression by interacting with polycystic kidney disease-1 (PKD1) promoter-bound p53 tumor suppressor protein.	Islam MR	Q1_splice_noncoding
18837007		10.1002/humu.20842	2009	Hum Mutat	Novel method for genomic analysis of PKD1 and PKD2 mutations in autosomal dominant polycystic kidney disease.	Tan YC	Q1_splice_noncoding
19021639		10.1111/j.1399-0004.2008.01106.x	2009	Clin Genet	Pseudoexon activation in the PKHD1 gene: a French founder intronic mutation IVS46+653A>G causing severe autosomal recessive polycystic kidney disease.	Michel-Calemard L	Q2_adpkd_functional
19145237	PMC3879111	10.1038/ki.2008.659	2009	Kidney Int	Inactivation of Pkd1 in principal cells causes a more severe cystic kidney disease than in intercalated cells.	Raphael KL	Q1_splice_noncoding
19158373	PMC2637591	10.2215/CJN.00980208	2009	Clin J Am Soc Nephrol	Evidence for pathogenicity of atypical splice mutations in autosomal dominant polycystic kidney disease.	Wang K	Q1_splice_noncoding;Q2_adpkd_functional
19609364	PMC2706989	10.1371/journal.pone.0006299	2009	PLoS One	Polycystic kidney disease in the medaka (Oryzias latipes) pc mutant caused by a mutation in the Gli-Similar3 (glis3) gene.	Hashimoto H	Q2_adpkd_functional
19686598	PMC2736583	10.1186/1471-2350-10-78	2009	BMC Med Genet	New mutations in the PKD1 gene in Czech population with autosomal dominant polycystic kidney disease.	Stekrova J	Q1_splice_noncoding
17964630	PMC7103338	10.1016/j.virol.2007.09.025	2008	Virology	NS3 protein of hepatitis C virus regulates cyclooxygenase-2 expression through multiple signaling pathways.	Lu L	Q1_splice_noncoding
18077784	PMC2390981	10.2215/CJN.03430807	2008	Clin J Am Soc Nephrol	Molecular diagnostics in autosomal dominant polycystic kidney disease: utility and limitations.	Zhao X	Q1_splice_noncoding
18199703	PMC2956747	10.1152/ajpcell.00457.2007	2008	Am J Physiol Cell Physiol	CXCR2 agonists in ADPKD liver cyst fluids promote cell proliferation.	Amura CR	Q1_splice_noncoding
18257781		10.1111/j.1365-2362.2007.01913.x	2008	Eur J Clin Invest	Co-inheritance of a PKD1 mutation and homozygous PKD2 variant: a potential modifier in autosomal dominant polycystic kidney disease.	Dedoussis GV	Q1_splice_noncoding
18283041		10.1093/carcin/bgm291	2008	Carcinogenesis	Epigenetic inactivation of protein kinase D1 in gastric cancer and its role in gastric cancer cell migration and invasion.	Kim M	Q1_splice_noncoding
18321855	PMC2335361	10.1074/jbc.M710407200	2008	J Biol Chem	Polycystin-1 regulates skeletogenesis through stimulation of the osteoblast-specific transcription factor RUNX2-II.	Xiao Z	Q1_splice_noncoding
18356167		10.1074/jbc.M709332200	2008	J Biol Chem	Polycystic kidneys caused by sustained expression of Cux1 isoform p75.	Cadieux C	Q1_splice_noncoding
18378685	PMC2427335	10.1074/jbc.M709851200	2008	J Biol Chem	Protein kinase D links Gq-coupled receptors to cAMP response element-binding protein (CREB)-Ser133 phosphorylation in the heart.	Ozgen N	Q1_splice_noncoding
18385665		10.1038/ki.2008.111	2008	Kidney Int	A mouse model for polycystic kidney disease through a somatic in-frame deletion in the 5' end of Pkd1.	Starremans PG	Q1_splice_noncoding
18454189	PMC2365925	10.1371/journal.pone.0001750	2008	PLoS One	Swelling-activated Ca2+ channels trigger Ca2+ signals in Merkel cells.	Haeberle H	Q1_splice_noncoding
18579360	PMC2564992	10.1016/j.matbio.2008.05.002	2008	Matrix Biol	Col2-Cre recombinase is co-expressed with endogenous type II collagen in embryonic renal epithelium and drives development of polycystic kidney disease following inactivation of ciliary genes.	Kolpakova-Hart E	Q1_splice_noncoding;Q2_adpkd_functional
18602367	PMC2925514	10.1016/j.bbrc.2008.06.097	2008	Biochem Biophys Res Commun	Protein kinase D1 (PKD1) influences androgen receptor (AR) function in prostate cancer cells.	Mak P	Q1_splice_noncoding
18670078		10.1248/bpb.31.1496	2008	Biol Pharm Bull	Expression of Pkd2l2 in testis is implicated in spermatogenesis.	Chen Y	Q1_splice_noncoding
18922886	PMC2604834	10.1152/ajprenal.90355.2008	2008	Am J Physiol Renal Physiol	Retinoic acid-dependent activation of the polycystic kidney disease-1 (PKD1) promoter.	Islam MR	Q1_splice_noncoding
16928771		10.1152/ajpcell.00308.2006	2007	Am J Physiol Cell Physiol	Protein kinase D2 mediates lysophosphatidic acid-induced interleukin 8 production in nontransformed human colonic epithelial cells through NF-kappaB.	Chiu TT	Q1_splice_noncoding
17341817		10.1271/bbb.60477	2007	Biosci Biotechnol Biochem	High-level heterologous expression of Bacillus halodurans putative xylanase xyn11a (BH0899) in Kluyveromyces lactis.	Wamalwa BM	Q1_splice_noncoding
17574468	PMC2085355	10.1016/j.ymgme.2007.05.004	2007	Mol Genet Metab	Evaluating the clinical utility of a molecular genetic test for polycystic kidney disease.	Garcia-Gonzalez MA	Q1_splice_noncoding
17582161		10.1681/ASN.2006121387	2007	J Am Soc Nephrol	Comprehensive molecular diagnostics in autosomal dominant polycystic kidney disease.	Rossetti S	Q1_splice_noncoding;Q2_adpkd_functional
17890878		10.1159/000108643	2007	Nephron Exp Nephrol	Expression of the Pkd1 gene is momentously regulated by Sp1.	Jeon JO	Q1_splice_noncoding
21204506			2007		Functional Significance of Transient Receptor Potential Channels in Vascular Function.	Liedtke WB	Q1_splice_noncoding
16377259		10.1016/j.modgep.2005.09.006	2006	Gene Expr Patterns	Expression of the protein kinase D (PKD) family during mouse embryogenesis.	Oster H	Q1_splice_noncoding
16430766	PMC1434729	10.1186/1471-2350-7-6	2006	BMC Med Genet	PKD1 and PKD2 mutations in Slovenian families with autosomal dominant polycystic kidney disease.	Vouk K	Q1_splice_noncoding
16510125		10.1016/j.bbrc.2006.02.045	2006	Biochem Biophys Res Commun	Ets factors regulate the polycystic kidney disease-1 promoter.	Puri S	Q1_splice_noncoding
16567558		10.1177/154405910608500414	2006	J Dent Res	Effects of a hydroxyapatite-based biomaterial on gene expression in osteoblast-like cells.	Sibilla P	Q1_splice_noncoding
16652363		10.1002/dvg.20207	2006	Genesis	Transgenic mice expressing tamoxifen-inducible Cre for somatic gene modification in renal epithelial cells.	Lantinga-van Leeuwen IS	Q1_splice_noncoding
16790509	PMC1482806	10.1681/ASN.2005121298	2006	J Am Soc Nephrol	A hypomorphic mutation in the mouse laminin alpha5 gene causes polycystic kidney disease.	Shannon MB	Q2_adpkd_functional
16897190		10.1007/s10038-006-0022-4	2006	J Hum Genet	Functional analysis of PKHD1 splicing in autosomal recessive polycystic kidney disease.	Bergmann C	Q2_adpkd_functional
16905538	PMC1797154	10.1074/jbc.M604772200	2006	J Biol Chem	Cilia-like structures and polycystin-1 in osteoblasts/osteocytes and associated abnormalities in skeletogenesis and Runx2 expression.	Xiao Z	Q1_splice_noncoding
16931520		10.1074/jbc.M606510200	2006	J Biol Chem	The polycystic kidney disease-1 gene is a target for p53-mediated transcriptional repression.	Van Bodegom D	Q1_splice_noncoding
17007817		10.1016/j.bbrc.2006.09.042	2006	Biochem Biophys Res Commun	Polycystin-1 promotes PKCalpha-mediated NF-kappaB activation in kidney cells.	Banzi M	Q1_splice_noncoding
17077180		10.1093/intimm/dxl108	2006	Int Immunol	Protein kinase D2 contributes to either IL-2 promoter regulation or induction of cell death upon TCR stimulation depending on its activity in Jurkat cells.	Irie A	Q1_splice_noncoding
17082250		10.1093/hmg/ddl428	2006	Hum Mol Genet	Pax2 gene dosage influences cystogenesis in autosomal dominant polycystic kidney disease.	Stayner C	Q1_splice_noncoding
15623513		10.1074/jbc.M413396200	2005	J Biol Chem	Protein kinase D1 phosphorylates HDAC7 and induces its nuclear export after T-cell receptor activation.	Parra M	Q1_splice_noncoding
15659564		10.1681/ASN.2003121025	2005	J Am Soc Nephrol	Expression and phenotype analysis of the nephrocystin-1 and nephrocystin-4 homologs in Caenorhabditis elegans.	Wolf MT	Q1_splice_noncoding
15770226		10.1038/sj.ejhg.5201392	2005	Eur J Hum Genet	Common regulatory elements in the polycystic kidney disease 1 and 2 promoter regions.	Lantinga-van Leeuwen IS	Q1_splice_noncoding
16103744		10.1159/000087377	2005	Tumour Biol	Identification of new splice variants and differential expression of the human kallikrein 10 gene, a candidate cancer biomarker.	Yousef GM	Q2_adpkd_functional
16150885		10.1093/toxsci/kfi310	2005	Toxicol Sci	Tsc2 expression increases the susceptibility of renal tumor cells to apoptosis.	Kolb TM	Q1_splice_noncoding
16192288		10.1093/hmg/ddi356	2005	Hum Mol Genet	A splice form of polycystin-2, lacking exon 7, does not interact with polycystin-1.	Hackmann K	Q1_splice_noncoding
15018634	PMC356914	10.1186/1471-2350-5-2	2004	BMC Med Genet	Novel and de novo PKD1 mutations identified by multiple restriction fragment-single strand conformation polymorphism (MRF-SSCP).	Thongnoppakhun W	Q1_splice_noncoding
15046592		10.1042/bst0320293	2004	Biochem Soc Trans	Recombinant enzymes from thermophilic micro-organisms expressed in fungal hosts.	Bergquist PL	Q1_splice_noncoding
15191722			2004	Xi Bao Yu Fen Zi Mian Yi Xue Za Zhi	[Preparation and characterization of monoclonal antibody against N-terminal domain of polycystin 1].	Zhao HD	Q1_splice_noncoding
15203210		10.1016/j.ygeno.2004.02.008	2004	Genomics	Polycystin-1L2 is a novel G-protein-binding protein.	Yuasa T	Q1_splice_noncoding
15466861		10.1074/jbc.M402905200	2004	J Biol Chem	Polycystin-1 activates the calcineurin/NFAT (nuclear factor of activated T-cells) signaling pathway.	Puri S	Q1_splice_noncoding
15479626		10.5483/bmbrep.2004.37.5.612	2004	J Biochem Mol Biol	The gene expression profile of cyst epithelial cells in autosomal dominant polycystic kidney disease patients.	Lee JE	Q1_splice_noncoding
15496422		10.1093/hmg/ddh336	2004	Hum Mol Genet	Lowering of Pkd1 expression is sufficient to cause polycystic kidney disease.	Lantinga-van Leeuwen IS	Q1_splice_noncoding;Q2_adpkd_functional
15672218		10.1007/s10529-004-4614-9	2004	Biotechnol Lett	Efficient secretion of human lysozyme from the yeast, Kluyveromyces lactis.	Iwata T	Q1_splice_noncoding
12524552		10.1038/nbt779	2003	Nat Biotechnol	A high-throughput nonisotopic protein truncation test.	Gite S	Q1_splice_noncoding
12527301		10.1016/s0022-2836(02)01333-5	2003	J Mol Biol	Polycystin-2 associates with tropomyosin-1, an actin microfilament component.	Li Q	Q1_splice_noncoding
12667948		10.1016/s0008-6363(02)00858-1	2003	Cardiovasc Res	A polycystin-2-like large conductance cation channel in rat left ventricular myocytes.	Volk T	Q1_splice_noncoding
12707387		10.1097/01.asn.0000061774.90975.25	2003	J Am Soc Nephrol	Genotype-renal function correlation in type 2 autosomal dominant polycystic kidney disease.	Magistroni R	Q1_splice_noncoding
12734101		10.1152/ajprenal.00310.2002	2003	Am J Physiol Renal Physiol	Immortalized epithelial cells from human autosomal dominant polycystic kidney cysts.	Loghman-Adham M	Q1_splice_noncoding
12832634		10.1093/molbev/msg191	2003	Mol Biol Evol	Remarkable sequence conservation of the last intron in the PKD1 gene.	Rodova M	Q1_splice_noncoding
12874458		10.1097/01.asn.0000079615.38843.4a	2003	J Am Soc Nephrol	Use of the tetracycline system for inducible protein synthesis in the kidney.	Gallagher AR	Q1_splice_noncoding
14510672		10.1046/j.1365-2052.2003.01013.x	2003	Anim Genet	No disease-associated mutations found in the coding sequence of the canine polycystic kidney disease gene 1 in Bull Terriers with polycystic kidney disease.	O'Leary CA	Q1_splice_noncoding
11773467		10.1093/ndt/17.1.75	2002	Nephrol Dial Transplant	Novel mutations of PKD1 gene in Chinese patients with autosomal dominant polycystic kidney disease.	Ding L	Q1_splice_noncoding
11857740		10.1002/humu.10045	2002	Hum Mutat	Mutation detection in the duplicated region of the polycystic kidney disease 1 (PKD1) gene in PKD1-linked Australian families.	McCluskey M	Q1_splice_noncoding
11863367		10.1006/geno.2002.6719	2002	Genomics	The sequence, expression, and chromosomal localization of a novel polycystic kidney disease 1-like gene, PKD1L1, in human.	Yuasa T	Q1_splice_noncoding
11878308		10.1007/s002530100815	2002	Appl Microbiol Biotechnol	Evaluation of pKD1-based plasmid systems for heterologous protein production in Kluyveromyces lactis.	Panuwatsuk W	Q1_splice_noncoding
11959145		10.1016/s0014-5793(02)02513-9	2002	FEBS Lett	The calcium-binding EF-hand in polycystin-L is not a domain for channel activation and ensuing inactivation.	Li Q	Q1_splice_noncoding
12007219		10.1002/humu.10080	2002	Hum Mutat	Mutation analysis in PKD1 of Japanese autosomal dominant polycystic kidney disease patients.	Inoue S	Q1_splice_noncoding
12018245		10.1385/abab:98-100:1-9:165	2002	Appl Biochem Biotechnol	Production of recombinant bleaching enzymes from thermophilic microorganisms in fungal hosts.	Bergquist PL	Q1_splice_noncoding
12048202		10.1074/jbc.M203570200	2002	J Biol Chem	The polycystic kidney disease-1 promoter is a target of the beta-catenin/T-cell factor pathway.	Rodova M	Q1_splice_noncoding
12070253	PMC1735136	10.1136/jmg.39.6.422	2002	J Med Genet	Mutation screening of the PKD1 transcript by RT-PCR.	Burtey S	Q1_splice_noncoding
11115377	PMC1234934	10.1086/316939	2001	Am J Hum Genet	Mutation analysis of the entire PKD1 gene: genetic and diagnostic implications.	Rossetti S	Q1_splice_noncoding
11558899		10.1007/s100380170032	2001	J Hum Genet	Mutations of the PKD1 gene among Japanese autosomal dominant polycystic kidney disease patients, including one heterozygous mutation identified in members of the same family.	Mizoguchi M	Q1_splice_noncoding
11735304		10.1006/mcpr.2001.0375	2001	Mol Cell Probes	Characterization of microsatellite markers adjacent to AP-4 on chromosome 16p13.3.	Bae Y	Q1_splice_noncoding
11800305			2001	J Med Assoc Thai	Molecular defect of PKD1 gene resulting in abnormal RNA processing in a Thai family.	Rungroj N	Q1_splice_noncoding
11840199		10.1038/sj.ejhg.5200756	2001	Eur J Hum Genet	Mutation detection for exons 2 to 10 of the polycystic kidney disease 1 (PKD1)-gene by DGGE.	Peters DJ	Q1_splice_noncoding
11913782		10.3109/10425170109084460	2001	DNA Seq	Tissue-specific expression and splicing of the rat polycystic kidney disease 1 gene.	Xu H	Q1_splice_noncoding;Q2_adpkd_functional
10602992		10.1007/s003350010009	2000	Mamm Genome	The human polycystic kidney disease 2-like (PKDL) gene: exon/intron structure and evidence for a novel splicing mechanism.	Guo L	Q1_splice_noncoding
10607831		10.1093/hmg/9.2.203	2000	Hum Mol Genet	Identification and characterization of MTR1, a novel gene with homology to melastatin (MLSN1) and the trp gene family located in the BWS-WT2 critical region on chromosome 11p15.5 and showing allele-specific expression.	Prawitt D	Q1_splice_noncoding;Q2_adpkd_functional
10612835		10.1002/(SICI)1098-1004(200001)15:1<115::AID-HUMU22>3.0.CO;2-Z	2000	Hum Mutat	A novel splice-acceptor site mutation (IVS13-2A>T) of polycystic kidney disease 1 (PKD1) gene resulting in an RNA processing defect with a 74-nucleotide deletion in exon 14 of the mRNA transcript.	Thongnoppakhun A	Q1_splice_noncoding
10756092		10.1006/geno.2000.6131	2000	Genomics	Identification and characterization of a novel polycystin family member, polycystin-L2, in mouse and human: sequence, expression, alternative splicing, and chromosomal localization.	Guo L	Q1_splice_noncoding
10822721			2000	Nefrologia	[Mutational analysis of the PKD1 and PKD2 (type 1 and 2 dominant autosomal polycystic kidney) genes].	Torra R	Q1_splice_noncoding
10854095		10.1038/sj.ejhg.5200459	2000	Eur J Hum Genet	Novel mutations in the duplicated region of PKD1 gene.	Perrichot R	Q1_splice_noncoding
10873385		10.1006/geno.2000.6197	2000	Genomics	Cloning and characterization of the murine pkd2 promoter.	Park JH	Q1_splice_noncoding
11007674		10.1053/ajkd.2000.17619	2000	Am J Kidney Dis	Increased prevalence of polycystic kidney disease type 2 among elderly polycystic patients.	Torra R	Q1_splice_noncoding
11013137	PMC1288553	10.1016/S0002-9297(07)62941-3	2000	Am J Hum Genet	Cloning of the gene encoding a novel integral membrane protein, mucolipidin-and identification of the two major founder mutations causing mucolipidosis type IV.	Bassi MT	Q1_splice_noncoding
11058904		10.1002/1098-1004(200011)16:5<444::AID-HUMU11>3.0.CO;2-C	2000	Hum Mutat	Novel splicing and missense mutations in autosomal dominant polycystic kidney disease 1 (PKD1) gene: expression of mutated genes.	Aguiari G	Q1_splice_noncoding
11175277		10.1038/sj.ejhg.5200545	2000	Eur J Hum Genet	Identification of a subtle t(16;19)(p13.3;p13.3) in an infant with multiple congenital abnormalities using a 12-colour multiplex FISH telomere assay, M-TEL.	Brown J	Q1_splice_noncoding
11216660		10.1089/109065700750065108	2000	Genet Test	Novel mutations in the duplicated region of the polycystic kidney disease 1 (PKD1) gene provides supporting evidence for gene conversion.	Afzal AR	Q1_splice_noncoding
9894601		10.2144/99261rr01	1999	Biotechniques	Long RT-PCR Amplification of the entire coding sequence of the polycystic kidney disease 1 (PKD1) gene.	Thongnoppakhun W	Q1_splice_noncoding
9949210		10.1093/hmg/8.3.509	1999	Hum Mol Genet	Germinal and somatic mutations in the PKD2 gene of renal cysts in autosomal dominant polycystic kidney disease.	Koptides M	Q1_splice_noncoding
9949214		10.1093/hmg/8.3.543	1999	Hum Mol Genet	Identification of a human homologue of the sea urchin receptor for egg jelly: a polycystic kidney disease-like protein.	Hughes J	Q1_splice_noncoding;Q2_adpkd_functional
10213643		10.1016/s0272-6386(99)70420-8	1999	Am J Kidney Dis	Mutations in autosomal dominant polycystic kidney disease 2 gene: Reduced expression of PKD2 protein in lymphoblastoid cells.	Aguiari G	Q1_splice_noncoding
10231477		10.1046/j.1523-1755.1999.00404.x	1999	Kidney Int	Characterisation and expression of the PKD-1 protein, polycystin, in renal and extrarenal tissues.	Ong AC	Q1_splice_noncoding
10364515	PMC1378073	10.1086/302460	1999	Am J Hum Genet	Identification of mutations in the repeated part of the autosomal dominant polycystic kidney disease type 1 gene, PKD1, by long-range PCR.	Thomas R	Q1_splice_noncoding
10450015		10.1159/000020615	1999	Exp Nephrol	Cystic fibrosis transmembrane conductance regulator in the kidney: clues to its role?	Wilson PD	Q2_adpkd_functional
10541293		10.1681/ASN.V10112342	1999	J Am Soc Nephrol	Aberrant splicing in the PKD2 gene as a cause of polycystic kidney disease.	Reynolds DM	Q1_splice_noncoding;Q2_adpkd_functional
10602361		10.1038/sj.ejhg.5200383	1999	Eur J Hum Genet	Genes homologous to the autosomal dominant polycystic kidney disease genes (PKD1 and PKD2).	Veldhuisen B	Q1_splice_noncoding
10987650		10.1007/s004390051094	1999	Hum Genet	DGGE screening of PKD1 gene reveals novel mutations in a large cohort of 146 unrelated patients.	Perrichot RA	Q1_splice_noncoding
9497315		10.1074/jbc.273.11.6013	1998	J Biol Chem	The polycystic kidney disease 1 gene product mediates protein kinase C alpha-dependent and c-Jun N-terminal kinase-dependent activation of the transcription factor AP-1.	Arnould T	Q1_splice_noncoding
9531642			1998	Zhonghua Yi Xue Yi Chuan Xue Za Zhi	[Polymorphisms of four microsatellite markers closely linked with PKD1 in Chinese].	Ding L	Q1_splice_noncoding
9573526		10.1046/j.1523-1755.1998.00890.x	1998	Kidney Int	A novel frameshift mutation induced by an adenosine insertion in the polycystic kidney disease 2 (PKD2) gene.	Pei Y	Q1_splice_noncoding
9615483		10.1007/s002530051191	1998	Appl Microbiol Biotechnol	Partial-pKD1 plasmids provide enhanced structural stability for heterologous protein production in Kluyveromyces lactis.	Hsieh HP	Q1_splice_noncoding
9651476		10.1016/s0378-1119(98)00234-0	1998	Gene	Polymorphism in the 5' flanking region of the human somatostatin receptor subtype 5.	Sasi R	Q1_splice_noncoding
9676238		10.1007/s007920050037	1998	Extremophiles	Expression and secretion of a xylanase from the extreme thermophile, thermotoga strain FjSS3B.1, in Kluyveromyces lactis.	Walsh DJ	Q1_splice_noncoding
9107672		10.1007/s003359900429	1997	Mamm Genome	The mouse homolog of PKD1: sequence analysis and alternative splicing.	Löhning C	Q1_splice_noncoding
9199561	PMC1716112	10.1086/515467	1997	Am J Hum Genet	Identification of mutations in the duplicated region of the polycystic kidney disease 1 gene (PKD1) by a novel approach.	Peral B	Q1_splice_noncoding
9286709		10.1006/geno.1997.4851	1997	Genomics	Characterization of the exon structure of the polycystic kidney disease 2 gene (PKD2).	Hayashi T	Q1_splice_noncoding
9326320	PMC1715954	10.1086/515497	1997	Am J Hum Genet	A spectrum of mutations in the second gene for autosomal dominant polycystic kidney disease (PKD2).	Veldhuisen B	Q1_splice_noncoding
9350642		10.1038/ki.1997.444	1997	Kidney Int	Expression of polycystin in mouse metanephros and extra-metanephric tissues.	Griffin MD	Q1_splice_noncoding
9382094	PMC1716004	10.1086/514888	1997	Am J Hum Genet	Renal cystic disease in tuberous sclerosis: role of the polycystic kidney disease 1 gene.	Sampson JR	Q1_splice_noncoding;Q2_adpkd_functional
8828041		10.1101/gr.6.6.525	1996	Genome Res	Generation of a transcriptional map for a 700-kb region surrounding the polycystic kidney disease type 1 (PKD1) and tuberous sclerosis type 2 (TSC2) disease genes on human chromosome 16p3.3.	Burn TC	Q1_splice_noncoding
8911610		10.1002/(SICI)1096-8628(19961016)65:2<155::AID-AJMG15>3.0.CO;2-P	1996	Am J Med Genet	Autosomal dominant polycystic kidney disease (ADPKD) in an Italian family carrying a novel nonsense mutation and two missense changes in exons 44 and 45 of the PKD1 Gene.	Rossetti S	Q1_splice_noncoding
9044320		10.1093/ndt/11.supp6.10	1996	Nephrol Dial Transplant	Detection of two different nonsense mutations in exon 44 of the PKD1 gene in two unrelated Italian families with severe autosomal dominant polycystic kidney disease.	Turco AE	Q1_splice_noncoding
7581371		10.1093/hmg/4.8.1331	1995	Hum Mol Genet	A novel nonsense mutation in the PKD1 gene (C3817T) is associated with autosomal dominant polycystic kidney disease (ADPKD) in a large three-generation Italian family.	Turco AE	Q1_splice_noncoding
7633405		10.1093/hmg/4.4.569	1995	Hum Mol Genet	Splicing mutations of the polycystic kidney disease 1 (PKD1) gene induced by intronic deletion.	Peral B	Q1_splice_noncoding;Q2_adpkd_functional
8004675		10.1016/0092-8674(94)90137-6	1994	Cell	The polycystic kidney disease 1 gene encodes a 14 kb transcript and lies within a duplicated region on chromosome 16. The European Polycystic Kidney Disease Consortium.		Q1_splice_noncoding
1367806		10.1038/nbt1091-968	1991	Biotechnology (N Y)	Stable multicopy vectors for high-level secretion of recombinant human serum albumin by Kluyveromyces yeasts.	Fleer R	Q1_splice_noncoding
1660726		10.1016/0300-9084(91)90004-k	1991	Biochimie	Promoter activity associated with the left inverted terminal repeat of the killer plasmid k1 from yeast.	Chen XJ	Q1_splice_noncoding
3297694		10.1111/j.1432-1033.1987.tb11479.x	1987	Eur J Biochem	Amino acid sequence of the L-lactate dehydrogenase of Bacillus caldotenax deduced from the nucleotide sequence of the cloned gene.	Barstow DA	Q1_splice_noncoding
2412939		10.1016/0378-1119(85)90003-4	1985	Gene	Cloning and overexpression of Moloney murine leukemia virus reverse transcriptase in Escherichia coli.	Kotewicz ML	Q1_splice_noncoding
